Time,T1,T2,T3,T4,T5,T6,T7,T8,Untitled 8,Untitled 9,Untitled 10,Untitled 11,Untitled 12,Untitled 13,Untitled 14,Untitled 15
7/20/2022 15:05:09.157,28.02113,28.034833,31.965773,32.032486,28.053667,28.008312,28.027605,28.025359,27.092859,28.011033,28.006165,28.008115,27.176684,27.18783,27.134362,27.175979
7/20/2022 15:10:11.759,28.020851,28.02449,32.032273,31.987787,28.039718,27.993544,27.993675,28.021687,27.091417,28.005116,28.019966,28.036046,27.177668,27.187109,27.132461,27.178913
7/20/2022 15:15:12.092,28.00269,28.008574,31.983951,31.972018,28.013508,28.021409,28.013869,28.008115,27.090564,28.013426,28.004378,27.996166,27.175783,27.184716,27.133854,27.188109
7/20/2022 15:20:09.768,28.015049,27.995511,31.974674,32.024323,27.993232,28.003919,28.031571,27.996805,27.097416,28.001526,27.99474,28.032506,27.176963,27.187044,27.143738,27.189404
7/20/2022 15:25:06.931,28.018983,28.042242,32.01875,32.016209,28.054109,28.018786,28.01223,28.048389,27.099481,28.012558,28.025949,28.009328,27.184732,27.174816,27.149049,27.184814
7/20/2022 15:30:06.775,27.995986,28.034653,31.971232,31.969724,28.054306,28.029457,28.021163,28.047668,27.098416,27.998953,28.033883,28.03085,27.186322,27.171783,27.164129,27.181962
7/20/2022 15:35:11.430,28.020147,28.022671,31.998097,31.991147,28.024146,28.006165,28.007624,28.028818,27.094875,28.026359,28.024671,28.014901,27.190814,27.166899,27.163473,27.180372
7/20/2022 15:40:10.211,28.00728,28.007329,32.016455,32.032043,28.00269,28.017868,28.021851,28.011689,27.101055,28.009165,27.995527,28.011984,27.189781,27.158916,27.160932,27.182438
7/20/2022 15:45:08.778,28.002165,27.995937,31.961954,31.986443,28.013,28.000067,28.01754,28.00028,27.105677,28.00687,28.021589,28.027359,27.184995,27.169898,27.166702,27.18093
7/20/2022 15:50:09.188,28.003837,28.04829,31.997835,31.977624,28.061322,28.001411,28.013869,28.030424,27.101481,28.012525,28.035161,27.984233,27.192289,27.166604,27.1678,27.19478
7/20/2022 15:55:07.431,28.004329,28.048094,32.024618,32.028486,28.049143,28.002444,28.036013,28.020868,27.101416,28.004493,28.021753,28.056126,27.181454,27.168128,27.162424,27.168374
7/20/2022 16:00:11.772,28.012885,28.033047,31.963724,32.014209,28.02349,28.007066,27.999412,27.996904,27.104432,28.034587,28.005034,28.014098,27.183765,27.169587,27.170357,27.050914
7/20/2022 16:05:11.057,28.006804,28.012525,32.001014,31.958823,27.996805,28.005181,28.014066,28.000412,27.104317,28.012,28.012164,27.994003,27.176701,27.176127,27.183896,27.010739
7/20/2022 16:10:07.298,28.01105,27.998133,32.02588,31.99649,28.024081,28.010591,28.041668,28.029473,27.105907,27.998346,28.02808,28.057535,27.189076,27.163145,27.180667,27.009001
7/20/2022 16:15:08.265,28.006821,28.009001,31.95507,32.031158,28.056109,28.015016,27.998297,28.022146,27.096006,28.028572,28.026654,28.016328,27.191813,27.168669,27.174783,27.02218
7/20/2022 16:20:06.973,28.002723,28.056011,31.994851,32.007784,28.025621,28.013443,28.029998,27.993576,27.104645,28.013557,28.007657,28.037751,27.180897,27.167325,27.184749,27.023573
7/20/2022 16:25:11.900,28.000231,28.044209,32.023634,31.965855,27.996724,27.992954,27.99138,28.041767,27.103645,28.003837,27.999035,28.029326,27.187847,27.162784,27.190289,27.040801
7/20/2022 16:30:10.446,28.018458,28.02926,31.969805,32.002801,28.014557,28.016049,28.025966,28.041865,27.096449,28.007165,28.032391,28.00705,27.177619,27.159096,27.176701,27.038506
7/20/2022 16:35:12.063,28.02808,28.007755,32.007046,32.023143,28.052946,28.004198,28.027277,28.019475,27.090892,28.010787,28.021261,28.049143,27.177782,27.161588,27.178291,27.041538
7/20/2022 16:40:10.108,28.008214,27.994724,32.015914,31.968494,28.045914,28.013918,28.009328,28.002051,27.087204,28.006493,28.008984,28.023704,27.177291,27.158129,27.173029,27.048209
7/20/2022 16:45:10.534,28.006935,28.039882,31.96674,31.975444,28.003591,28.000117,28.039734,28.025048,27.080877,28.013967,27.999526,27.993363,27.170226,27.150852,27.172127,27.047373
7/20/2022 16:50:08.286,28.021802,28.055781,32.016881,32.027273,27.983315,28.020409,27.995101,28.041947,27.078435,28.002264,28.040521,28.042455,27.168882,27.155802,27.169456,27.050816
7/20/2022 16:55:08.035,28.000903,28.045684,32.018045,31.994458,28.053749,28.01677,28.021032,28.03544,27.081238,28.015606,28.036095,28.005099,27.173373,27.145524,27.168669,27.052537
7/20/2022 17:00:08.412,28.012574,28.022458,31.957938,31.969461,28.060584,27.995166,28.040931,28.002362,27.071321,27.997379,28.01754,28.032997,27.166636,27.138657,27.164506,27.057733
7/20/2022 17:05:07.883,28.022835,28.001674,31.999506,31.998966,28.028244,28.026851,28.001313,28.010902,27.075091,28.007247,27.999215,28.041177,27.157425,27.136985,27.167423,27.063257
7/20/2022 17:10:10.553,27.995937,28.009181,32.018012,32.037305,27.996019,28.002133,28.031129,28.026851,27.062962,28.003346,28.016164,28.008329,27.150393,27.126347,27.159457,27.059077
7/20/2022 17:15:10.780,28.005132,28.073009,31.963331,31.975969,28.016032,28.004427,28.020179,28.014557,27.060191,28.005919,28.025097,28.042226,27.147442,27.131231,27.166604,27.065027
7/20/2022 17:20:07.627,28.01259,28.061666,32.004883,31.973051,28.05211,28.004542,28.004903,28.003608,27.061011,28.012967,28.012771,28.024507,27.139214,27.12697,27.163243,27.060208
7/20/2022 17:25:06.879,27.998346,28.046045,32.027437,32.016898,28.024998,28.002854,28.015229,28.035522,27.048127,28.001936,28.000657,28.000166,27.140886,27.1351,27.152491,27.061601
7/20/2022 17:30:06.905,28.011558,28.021048,31.963282,32.022077,27.992773,28.01041,28.021343,28.024687,27.042489,27.994707,28.017754,28.051306,27.135345,27.120544,27.153425,27.058667
7/20/2022 17:35:06.501,27.996592,28.008984,31.997244,31.96715,28.024638,27.998543,27.990888,28.018016,27.029441,28.021851,27.996707,28.001215,27.128756,27.117643,27.150442,27.064715
7/20/2022 17:40:10.826,28.013787,28.000526,32.02447,31.974461,28.064436,28.011279,28.012951,27.992413,27.027196,27.997904,28.000379,28.040374,27.119364,27.107841,27.135706,27.06442
7/20/2022 17:45:08.989,27.996019,28.057355,31.965101,32.018061,28.049126,28.006132,28.020966,28.030145,27.018197,28.013246,28.034866,28.023441,27.11343,27.101629,27.138689,27.059552
7/20/2022 17:50:09.553,28.009394,28.059273,31.982787,31.992343,28.01164,28.002641,27.995789,28.051569,27.011968,28.007411,28.017934,28.000231,27.102481,27.099072,27.118889,27.054569
7/20/2022 17:55:08.641,28.002165,28.036472,32.026716,31.966757,27.996724,28.021966,28.016311,28.026982,27.013067,28.001936,28.010918,28.025949,27.093744,27.092007,27.128822,27.047423
7/20/2022 18:00:11.599,28.018737,28.014492,31.963921,32.010095,28.052175,27.999248,28.034932,28.006935,27.003248,28.013164,28.008132,27.988938,27.08668,27.079877,27.115201,27.056356
7/20/2022 18:05:09.540,28.01659,27.997133,32.001391,32.003227,28.054798,28.014262,27.99061,28.001379,27.018967,28.012197,28.043373,28.035653,27.073845,27.085172,27.116463,27.055028
7/20/2022 18:10:08.417,28.001772,28.024343,32.021733,31.971264,28.029047,28.002542,28.022097,28.029818,27.043013,27.999149,28.028801,28.024589,27.075747,27.070485,27.106349,27.044374
7/20/2022 18:15:07.514,28.006837,28.042373,31.956512,31.986525,27.994593,28.016623,28.012771,28.032555,27.04757,28.022556,28.017688,27.993183,27.068043,27.077124,27.101153,27.045521
7/20/2022 18:20:10.339,28.009574,28.037816,32.003752,32.033715,28.022638,28.000395,28.012623,28.009607,27.047521,27.999641,27.995429,28.032293,27.056766,27.065027,27.097891,27.047144
7/20/2022 18:25:07.842,28.018786,28.018688,32.014488,31.984672,28.055732,28.012951,28.045291,28.013885,27.02454,28.037735,28.02131,28.015426,27.05534,27.062109,27.091318,27.044472
7/20/2022 18:30:10.187,27.99715,27.997084,31.960561,31.971707,28.030309,28.000657,27.996379,28.036112,27.023885,28.013623,28.030604,28.045848,27.044931,27.051422,27.084106,27.043341
7/20/2022 18:35:10.915,28.011148,28.046733,31.994819,32.02034,28.002526,28.013312,28.031883,28.019704,27.016787,28.003657,28.012361,28.02926,27.041309,27.043751,27.076157,27.042391
7/20/2022 18:40:10.722,28.012574,28.049798,32.02193,32.014177,27.998625,28.002854,28.00505,28.002559,27.008329,28.024818,27.997264,27.998018,27.033916,27.037604,27.07773,27.031376
7/20/2022 18:45:09.091,28.00346,28.045815,31.966265,31.953054,28.062354,28.012738,28.002805,28.023769,27.00097,28.003329,28.0279,28.034243,27.029605,27.032015,27.073681,27.034982
7/20/2022 18:50:08.540,28.025671,28.018524,31.998048,31.981788,28.052437,28.009017,28.048241,28.022999,27.028343,28.022212,28.04316,27.995756,27.028245,27.035457,27.064896,27.034424
7/20/2022 18:55:06.999,28.011148,27.997789,32.019422,32.028601,28.017491,27.99869,27.991101,28.003821,27.068944,28.004952,28.017721,28.040341,27.008215,27.023147,27.068862,27.038145
7/20/2022 19:00:11.727,28.006345,28.004919,31.959577,31.986623,27.981922,28.01854,28.018147,28.009017,27.077648,28.02136,28.001133,28.026162,27.006002,27.016787,27.050275,27.028179
7/20/2022 19:05:10.160,28.020097,28.057978,31.997605,31.966396,28.023884,27.99397,28.033538,28.087072,27.06447,27.997019,28.021409,27.995593,27.012427,27.011427,27.052865,27.029245
7/20/2022 19:10:07.331,28.00269,28.056814,32.023913,32.009112,28.063797,28.022278,27.985496,28.10307,27.04598,28.001657,28.040669,28.039833,27.003265,27.002871,27.060847,27.023164
7/20/2022 19:15:12.069,28.007952,28.03226,31.955906,32.019504,28.047012,27.997478,28.033686,28.094366,27.03785,28.019163,28.023081,28.009083,26.998757,27.017279,27.047718,27.029736
7/20/2022 19:20:11.296,28.012279,28.024671,32.00662,31.959577,28.008574,28.008115,28.007837,28.068353,27.028901,28.019311,27.997756,28.026244,27.011477,27.013001,27.049226,27.027442
7/20/2022 19:25:08.994,27.999789,27.994462,32.009456,31.98164,27.989823,28.007493,28.013672,28.051815,27.005428,28.001264,28.020261,28.033129,27.010329,27.014886,27.039407,27.033375
7/20/2022 19:30:09.397,28.014803,28.041455,31.949579,32.025519,28.058601,28.013279,28.037013,28.031473,26.997593,28.003051,28.034473,27.998346,27.003035,27.013148,27.034555,27.026114
7/20/2022 19:35:09.517,27.997936,28.053798,32.00762,32.006899,28.057896,28.008656,27.986331,28.078483,27.010329,28.025539,28.02513,28.030785,27.023819,27.011231,27.026458,27.022492
7/20/2022 19:40:07.868,28.010148,28.03521,32.019258,31.960118,28.020458,28.002395,28.017934,28.076123,27.035998,28.026277,27.99474,27.991478,27.031064,27.019623,27.017541,27.024606
7/20/2022 19:45:07.957,28.004919,28.013443,31.945579,31.987885,27.98902,28.013098,28.029654,28.050274,27.02077,28.005952,28.025031,28.042685,27.023623,27.016066,27.028147,27.018836
7/20/2022 19:50:08.018,27.994839,27.997871,31.998326,32.02865,28.020786,27.995543,27.996084,28.039833,27.025737,28.023556,28.04216,28.001231,27.017968,27.002511,27.019033,27.012493
7/20/2022 19:55:10.736,28.023064,28.047422,32.026388,31.976362,28.055749,28.023507,28.019393,28.068501,27.000626,28.00351,28.016311,28.013262,27.011493,27.01346,27.020705,27.016574
7/20/2022 20:00:07.393,28.020376,28.061797,31.964888,31.965658,28.02926,28.007378,28.031719,28.064649,27.00569,28.01954,28.002379,28.036079,27.005018,27.012296,27.015066,27.019738
7/20/2022 20:05:06.992,27.998018,28.051011,32.000506,32.023536,27.999903,28.01341,28.002526,28.08999,27.053455,28.012558,28.01359,27.993249,27.007969,27.001789,27.010264,27.00928
7/20/2022 20:10:11.399,28.025048,28.01759,32.021799,32.006883,28.005722,28.019802,28.054814,28.143327,27.069289,27.990265,28.026785,28.054913,27.018164,26.994692,27.012067,27.014968
7/20/2022 20:15:09.651,28.018376,27.998281,31.964265,31.967773,28.065518,27.993183,27.989856,28.130247,27.05193,28.048749,28.004165,28.005329,27.013034,27.026884,27.008428,27.000888
7/20/2022 20:20:06.711,27.998625,28.002215,31.992868,31.98841,28.044717,28.016262,28.026195,28.108758,27.035424,28.018294,28.004575,28.020065,27.016132,27.017689,27.00751,27.011821
7/20/2022 20:25:10.720,28.031752,28.066714,32.031224,32.041599,28.013689,28.007066,28.015278,28.087712,27.029278,28.003788,28.047733,28.03862,27.000675,27.015066,27.010837,27.025327
7/20/2022 20:30:09.670,28.039587,28.049602,31.966527,31.995114,27.985758,28.01972,28.00946,28.083679,27.010264,28.02608,28.026998,28.001887,27.010362,27.010001,27.007116,27.018263
7/20/2022 20:35:09.485,28.011804,28.029211,31.967117,31.965265,28.049323,28.023605,28.036685,28.107152,27.005674,28.002919,28.003411,28.038177,27.020688,26.9972,27.005707,27.018312
7/20/2022 20:40:07.615,28.001444,28.013,32.025126,32.009112,28.050585,27.996576,27.9882,28.093481,27.009903,28.011525,28.011181,28.016868,27.016623,27.000314,27.006035,27.014116
7/20/2022 20:45:07.653,28.009296,27.999707,31.983132,32.020045,28.020048,28.012869,28.029785,28.070091,27.052733,28.031358,28.048127,28.010263,27.01087,27.002166,27.021295,27.012575
7/20/2022 20:50:08.013,28.006165,28.04139,31.981345,31.967281,27.991478,27.996101,28.027851,28.098907,27.054881,28.01459,28.024441,28.034571,27.006936,27.002937,27.014493,27.014755
7/20/2022 20:55:11.420,28.008984,28.05906,32.029961,31.98241,28.035915,28.026638,28.000772,28.107709,27.042391,28.028211,27.997543,27.993445,27.007248,27.021377,27.010985,27.012345
7/20/2022 21:00:11.594,28.000166,28.049258,31.963462,32.023716,28.052618,28.006116,28.037161,28.081139,27.038014,28.013754,28.019606,28.044029,27.005379,27.019279,27.008624,27.010067
7/20/2022 21:05:10.671,28.004296,28.027359,31.982066,32.003621,28.025457,28.017967,27.99592,28.106807,27.021672,28.000838,28.03067,28.002854,26.999183,27.015902,27.012132,27.009837
7/20/2022 21:10:09.759,28.014803,28.006116,32.017734,31.955627,27.995838,28.004001,28.017016,28.188567,27.000331,28.040324,28.011115,28.032243,27.023934,27.009428,27.008198,27.00451
7/20/2022 21:15:08.781,27.994609,27.996265,31.965839,31.998867,28.018557,28.019294,28.025556,28.178847,26.999003,28.018917,27.993265,28.012279,27.016755,27.009805,27.006248,27.01841
7/20/2022 21:20:06.730,28.013361,28.049962,31.978657,32.02429,28.068157,28.010377,27.998609,28.158325,27.037867,27.998379,28.025736,28.014049,27.014902,27.004855,27.018426,27.01841
7/20/2022 21:25:12.297,27.998936,28.047946,32.027831,31.974936,28.045389,28.016262,28.029129,28.13936,27.056143,28.035473,28.024589,28.026752,27.006281,27.000396,27.016279,27.020459
7/20/2022 21:30:09.363,28.002346,28.025572,31.971953,31.983574,28.012131,27.999838,28.009492,28.117757,27.039391,28.008378,28.000149,28.004214,27.005199,27.006707,27.014394,27.024295
7/20/2022 21:35:06.845,28.00546,28.011131,31.979362,32.017914,27.987118,28.025982,28.002936,28.147179,27.029786,28.007673,28.0021,28.018917,27.003691,27.015542,27.014214,27.021229
7/20/2022 21:40:12.272,28.01759,28.002542,32.032256,32.001178,28.043226,28.009738,28.032981,28.165898,27.021393,28.027818,28.041603,28.014508,27.004494,27.019902,27.007477,27.022311
7/20/2022 21:45:10.120,27.995494,28.053306,31.973494,31.9592,28.062977,28.010541,28.00251,28.145933,27.013247,27.997887,28.029555,28.039292,27.003674,27.008887,27.001396,27.014279
7/20/2022 21:50:08.757,28.026064,28.056142,31.972969,31.998916,28.02649,28.010099,28.006804,28.125756,26.992627,28.01477,28.007837,27.989856,27.013394,27.005625,27.004182,27.015591
7/20/2022 21:55:07.268,28.021802,28.035391,32.034174,32.023552,27.993412,28.013295,28.041177,28.120887,27.018984,27.997379,28.01105,28.038292,27.026557,27.005231,27.012165,27.017525
7/20/2022 22:00:09.806,27.994363,28.009869,31.983902,31.973985,28.023343,28.011738,27.992101,28.167291,27.062306,28.026375,28.037062,27.996363,27.024016,27.015951,27.005543,27.003822
7/20/2022 22:05:12.843,28.016459,27.999051,31.96833,31.971822,28.063157,28.013689,28.035473,28.161636,27.055766,28.008788,28.027916,28.053667,27.009116,27.005297,27.005068,27.010805
7/20/2022 22:10:06.922,27.996986,28.044766,32.019881,32.014832,28.051913,28.013574,28.004772,28.17193,27.035555,28.023212,27.989347,28.021425,27.011132,27.018836,27.001773,27.007985
7/20/2022 22:15:12.820,28.009771,28.042652,31.998785,32.027339,28.017426,27.996478,28.003805,28.201467,27.02713,28.025621,28.015115,27.99038,27.004084,27.000183,27.009247,27.006477
7/20/2022 22:20:11.919,28.025834,28.027392,31.96756,31.976657,27.979054,28.019753,28.046586,28.1836,27.00592,28.008788,28.019425,28.057552,27.023836,27.00651,27.008264,27.002609
7/20/2022 22:25:11.258,28.00369,28.010656,32.028126,31.987721,28.050389,27.997297,27.993216,28.160997,26.996806,28.021507,28.011689,28.019425,27.02777,27.018033,27.002855,27.018853
7/20/2022 22:30:08.894,28.009771,28.009705,31.984459,32.030371,28.065026,28.004804,28.047307,28.171094,27.011772,28.022687,27.993789,27.990282,27.012247,27.018541,27.007952,27.018722
7/20/2022 22:35:10.172,28.021687,28.046504,31.976542,31.998507,28.023064,27.995314,28.009296,28.213023,27.057077,27.99651,28.052028,28.042078,27.010182,27.01741,27.012919,27.013804
7/20/2022 22:40:08.564,28.004804,28.041505,32.024454,31.961511,28.001739,28.027556,28.010345,28.198353,27.060618,28.010951,28.044947,28.008427,27.01069,27.003412,27.005002,27.00928
7/20/2022 22:45:13.043,28.017868,28.016737,31.981296,31.997458,27.991675,28.011623,28.037243,28.182388,27.057061,27.998313,28.034309,28.025392,27.008313,27.015394,27.00492,27.010067
7/20/2022 22:50:10.802,28.035768,27.992445,31.986082,32.023339,28.060141,28.006509,28.008312,28.157456,27.038604,28.025802,27.999838,28.005181,27.024114,27.029458,27.013739,27.007854
7/20/2022 22:55:09.594,28.021737,28.023507,32.019471,31.975805,28.051208,28.024343,28.038423,28.192321,27.02872,27.993789,28.020901,28.055257,27.021229,27.018295,27.008346,27.0051
7/20/2022 23:00:09.054,27.999002,28.066485,31.972477,31.967035,28.026785,27.998625,27.998182,28.199861,27.016902,28.040669,28.039734,28.031309,27.012099,27.017525,27.012476,27.012001
7/20/2022 23:05:06.795,28.016213,28.060912,31.992376,32.018963,27.990659,28.024343,28.02136,28.223989,27.00728,28.024671,28.014967,27.995838,27.010821,27.007444,27.005756,27.01205
7/20/2022 23:10:08.026,28.025523,28.028719,32.025831,32.018897,28.016114,28.006558,28.024113,28.226578,26.988611,28.006968,27.993478,28.04216,27.008379,27.007379,27.010296,27.006461
7/20/2022 23:15:12.192,28.009214,28.00192,31.972412,31.952185,28.057929,28.002919,27.989774,28.210056,27.041587,28.018196,28.026834,28.02372,27.011575,27.020656,27.018131,27.017115
7/20/2022 23:20:11.676,27.99592,27.997478,31.99595,31.982345,28.036472,28.007755,28.041882,28.193861,27.084385,28.004231,28.049176,27.991741,27.004051,27.018951,27.010985,27.012755
7/20/2022 23:25:09.110,28.014229,28.04139,32.010587,32.02865,28.002985,28.003919,28.001625,28.241822,27.088352,28.020409,28.032424,28.04693,27.01623,27.021803,27.00828,27.007674
7/20/2022 23:30:08.282,28.011787,28.04652,31.960561,31.997867,27.993773,28.006247,28.010082,28.239282,27.078828,28.006575,28.008378,28.000166,27.029097,27.003937,27.00333,27.00733
7/20/2022 23:35:07.222,27.990905,28.027457,32.013046,31.9642,28.048684,28.014443,28.036276,28.209368,27.066387,28.011459,27.995199,27.998428,27.029081,27.004723,27.009362,27.008756
7/20/2022 23:40:11.652,28.032932,28.000051,32.021536,32.014423,28.04934,28.000051,27.995871,28.201434,27.049209,28.029604,28.039947,28.051864,27.025212,27.005445,27.010788,27.013362
7/20/2022 23:45:10.961,28.032637,27.996953,31.955561,32.027421,28.010148,28.010722,28.04357,28.243084,27.034965,28.007165,28.052077,28.007804,27.009444,27.012427,27.0081,27.01187
7/20/2022 23:50:10.822,28.00569,28.055355,31.998179,31.973854,27.982578,27.99356,27.98938,28.220137,27.019853,28.020786,28.035374,28.01718,27.008231,27.012886,27.00887,27.01741
7/20/2022 23:55:11.972,28.011836,28.050143,32.016832,31.978903,28.046717,28.023802,28.021015,28.211187,27.011477,28.016,28.016049,28.037292,26.999511,27.008018,27.012706,27.009313
7/21/2022 00:00:09.953,28.019327,28.031358,31.952119,32.027306,28.055093,28.008345,28.029932,28.207663,26.996921,27.997773,27.996412,27.988593,27.032261,27.01187,27.009641,27.005674
7/21/2022 00:05:07.901,28.007116,28.018885,32.011882,32.006227,28.026523,28.019147,27.999428,28.048389,27.020459,28.035063,28.0348,28.052601,27.03072,27.018312,27.016492,27.005674
7/21/2022 00:10:06.720,28.015557,27.998379,32.018061,31.955791,27.987561,28.016229,28.015508,27.988315,27.0587,28.00251,28.038554,28.020196,27.027835,27.017066,27.034375,27.018279
7/21/2022 00:15:11.933,28.015016,28.038095,31.961823,32.010718,28.026834,27.997363,28.007427,28.037079,27.047144,28.00782,28.008722,28.007935,27.018115,27.015427,27.018279,27.004543
7/21/2022 00:20:10.467,28.004444,28.050421,31.998539,32.025978,28.054552,27.999871,28.008558,28.061223,27.04716,28.006476,27.994347,28.03344,27.011198,27.008313,27.018148,27.005772
7/21/2022 00:25:06.848,28.013246,28.03798,32.014259,31.971723,28.03103,27.997084,28.027359,28.043422,27.03172,28.002313,28.032243,27.992134,27.012657,27.010608,27.026245,27.016509
7/21/2022 00:30:12.489,28.000412,28.024425,31.967822,31.977706,27.999658,28.007476,27.999264,28.024376,27.017558,28.010804,28.018852,28.058928,27.019476,27.004428,27.011231,27.019672
7/21/2022 00:35:12.917,28.001543,28.00151,32.014308,32.024323,28.014246,28.014,28.013885,28.006771,27.005543,28.014508,27.999641,28.011672,27.020492,27.004232,27.014509,27.02159
7/21/2022 00:40:10.304,28.026621,28.023425,32.012947,32.005161,28.063403,28.004772,28.036243,28.009558,26.992446,28.01105,28.016262,28.001051,27.018803,27.01505,27.0081,27.020492
7/21/2022 00:45:10.522,28.010115,28.061485,31.959528,31.969478,28.039947,28.018458,27.988757,28.031981,27.045931,28.003903,28.045832,28.04139,27.004314,27.021787,27.010755,27.020213
7/21/2022 00:50:12.620,28.003034,28.051913,32.004899,31.999752,28.006984,28.023228,28.028523,28.020409,27.053094,28.020016,28.020671,27.994888,27.001183,27.026311,27.006658,27.028687
7/21/2022 00:55:10.662,28.022278,28.03008,32.005735,32.029847,27.995396,28.001756,28.015754,27.995871,27.040653,28.001084,28.006624,28.054339,27.0051,27.022918,27.014952,27.024901
7/21/2022 01:00:08.507,28.002411,28.011918,31.970166,31.975624,28.053142,28.019376,27.997396,28.034489,27.031163,28.030768,28.009869,28.028014,27.009624,27.017279,27.016869,27.01923
7/21/2022 01:05:09.218,28.013115,27.99179,32.010866,31.967363,28.044373,27.996215,28.033915,28.038816,27.025426,28.033719,28.040947,27.991823,27.007362,27.01246,27.004559,27.019328
7/21/2022 01:10:07.144,28.008607,28.042111,31.99195,32.006801,28.002133,28.018442,27.992626,28.019573,27.002232,28.003051,28.020229,28.042685,27.006346,27.008543,27.013444,27.01923
7/21/2022 01:15:06.592,27.992757,28.053339,31.972936,32.021274,27.993429,28.004657,28.026638,28.006296,26.991217,28.000608,27.9991,28.01,27.008247,27.003117,27.002658,27.018213
7/21/2022 01:20:10.814,28.013115,28.036489,32.021045,31.96415,28.053175,28.024507,28.023245,28.011312,27.01464,28.022556,28.016426,28.022048,27.000921,27.007985,27.018836,27.015083
7/21/2022 01:25:10.451,28.004247,28.005476,31.999851,31.980017,28.045143,28.012377,28.002854,28.04316,27.023754,27.998445,28.046782,28.027228,27.008034,27.016509,27.020984,27.018951
7/21/2022 01:30:08.419,28.003477,27.994642,31.965872,32.02906,28.017491,28.004083,28.045701,28.023261,27.029212,28.024048,28.019376,27.989003,27.007379,27.019279,27.016558,27.010673
7/21/2022 01:35:12.142,28.026343,28.028424,32.018668,31.996802,27.987577,28.011902,28.00128,27.999723,27.018722,27.995445,28.002428,28.052683,27.007739,27.007641,27.016656,27.016918
7/21/2022 01:40:10.021,27.997281,28.06914,32.004637,31.964232,28.044029,28.017852,28.036308,28.010836,27.000331,28.032276,28.017967,28.019032,27.003855,27.009559,27.017509,27.010624
7/21/2022 01:45:08.055,28.01341,28.052929,31.962675,31.994589,28.060223,28.012885,27.999133,28.043619,27.005068,28.006788,28.042636,28.006296,27.022492,27.014198,27.009608,27.016361
7/21/2022 01:50:09.150,28.024966,28.031866,32.008899,32.02847,28.02649,27.996822,28.013098,28.035571,27.029048,28.00528,28.017852,28.02131,27.027245,27.008821,27.005117,27.011673
7/21/2022 01:55:06.924,28.010804,28.012246,32.020209,31.964888,27.992593,28.01677,28.039997,28.022556,27.035818,28.03421,27.996953,27.987889,27.008821,27.013181,27.006871,27.003347
7/21/2022 02:00:08.016,27.99356,27.995576,31.958004,31.965167,28.008869,28.002969,27.988757,27.992954,27.031081,28.011476,28.014852,28.067042,27.008362,27.007084,27.002625,27.011804
7/21/2022 02:05:11.847,28.034882,28.049618,32.005735,32.012505,28.056716,28.018491,28.034604,28.037046,27.019885,28.009033,28.025474,28.022441,27.002527,27.007526,27.012493,27.006264
7/21/2022 02:10:12.111,28.042455,28.054863,32.012669,32.020602,28.048258,28.016852,28.010509,28.044258,27.001265,28.003788,27.99933,28.008788,27.010067,27.018181,27.014116,27.012526
7/21/2022 02:15:10.166,28.018245,28.033489,31.972215,31.961725,28.01123,28.000608,28.019655,28.031145,26.998069,28.010377,28.021491,28.032981,27.019787,27.008428,27.010919,27.016476
7/21/2022 02:20:10.392,27.998379,28.016114,32.012619,31.991491,27.981578,28.014131,28.029637,28.006526,27.037883,28.012131,28.032637,27.991872,27.01323,27.016345,27.014411,27.012722
7/21/2022 02:25:10.237,28.019311,27.999608,32.002457,32.032814,28.053077,27.998953,27.990773,28.002116,27.052504,28.008902,28.015655,28.049585,27.002871,27.009083,27.00633,27.013214
7/21/2022 02:30:09.974,28.008624,28.02572,31.964593,31.997359,28.067944,28.019622,28.034702,28.030145,27.050144,28.025589,27.993953,28.011656,27.006871,27.005838,27.008575,27.010624
7/21/2022 02:35:08.502,28.000166,28.052175,32.02906,31.959315,28.029965,28.006165,27.993117,28.014623,27.025655,28.002624,28.035571,28.005116,27.000773,27.00946,27.008034,27.01364
7/21/2022 02:40:08.631,28.015688,28.042603,31.990245,31.993081,28.000739,28.002575,28.017393,27.998559,27.011772,28.027834,28.043193,28.041619,27.013739,27.019836,27.009215,27.006674
7/21/2022 02:45:06.632,27.99774,28.022491,31.963052,32.028617,28.001002,28.012131,28.041701,28.018557,27.009969,28.035292,28.021343,28.005329,27.015033,27.002904,27.021688,27.00969
7/21/2022 02:50:07.028,28.01377,27.992822,32.026536,31.97651,28.044537,28.01359,27.994773,28.045701,26.994069,27.998264,27.996986,28.034604,27.007067,27.001658,27.019459,27.005936
7/21/2022 02:55:12.005,28.022245,28.030719,32.006866,31.975198,28.044373,27.99056,28.026785,28.021097,27.05034,28.013803,28.013557,28.013344,27.00297,27.006969,27.027196,27.002297
7/21/2022 03:00:08.533,27.997559,28.054519,31.964314,32.015865,28.012066,28.020671,28.009246,28.003559,27.070977,28.030113,28.035964,28.033456,27.019066,27.007379,27.015443,27.012345
7/21/2022 03:05:08.171,28.009066,28.050536,32.018274,32.000523,27.994412,28.001198,28.023327,28.006329,27.065322,28.00646,28.015983,28.019032,27.021852,27.008362,27.012132,27.015033
7/21/2022 03:10:10.526,28.026703,28.030572,31.995441,31.96043,28.058928,28.011869,28.02885,28.02295,27.047914,28.023802,27.995068,28.007755,27.014542,27.018279,27.010001,27.013067
7/21/2022 03:15:09.225,28.004214,28.008902,31.9721,32.00208,28.056584,28.002297,27.993822,28.007001,27.04916,28.014574,28.025375,28.017557,27.016918,27.026557,27.011313,27.012706
7/21/2022 03:20:07.875,28.003755,27.992757,32.021831,32.025208,28.021245,28.014,28.033112,27.997871,27.027196,28.000838,28.027326,28.000166,26.997462,27.022492,27.004969,27.010018
7/21/2022 03:25:06.852,28.021065,28.059617,31.984049,31.966183,27.989954,27.989839,27.993658,28.047979,27.01505,28.02095,28.007083,28.03203,27.014673,27.015804,27.006772,27.016968
7/21/2022 03:30:11.113,28.004165,28.064485,31.960954,31.962888,28.027162,28.020229,28.009935,28.041849,26.99974,28.000657,28.004083,27.982873,27.021147,27.019689,27.012853,27.019836
7/21/2022 03:35:09.881,27.995183,28.039275,32.02211,32.016963,28.061289,28.000608,28.03326,28.020229,27.008772,28.03262,28.032997,28.048667,27.015673,27.006313,27.009526,27.012083
7/21/2022 03:40:10.813,28.03839,28.013082,31.989901,32.024454,28.029555,27.997314,27.998822,28.010853,27.062601,28.019753,28.035587,28.016016,27.016541,26.997593,27.013771,27.021459
7/21/2022 03:45:10.072,28.037177,28.00051,31.98087,31.969035,28.003608,28.004018,28.034735,28.006788,27.058634,27.99397,28.010476,28.007001,27.001281,27.014656,27.014984,27.011149
7/21/2022 03:50:06.123,27.996297,28.010279,32.028519,31.986328,27.987282,28.011492,28.001936,28.042521,27.037719,28.036194,27.994986,28.004641,27.011444,27.021705,27.009083,27.012591
7/21/2022 03:55:07.050,28.012902,28.074041,31.976329,32.033797,28.051602,27.995986,28.016442,28.035391,27.036621,28.024703,28.036997,28.014738,27.012853,27.022147,27.013804,27.009018
7/21/2022 04:00:06.413,28.016065,28.057847,31.970461,31.989147,28.061584,28.014295,28.043816,28.01954,27.020098,27.992314,28.033112,28.034128,27.013673,27.011329,27.019312,27.010788
7/21/2022 04:05:08.198,28.002198,28.041029,32.028978,31.966052,28.020638,28.003362,27.99038,27.995216,27.015427,28.024835,28.017196,28.009542,27.003871,27.006805,27.013394,27.011804
7/21/2022 04:10:08.087,28.018917,28.021048,31.99749,32.020881,27.986151,28.011328,28.033965,28.03208,26.992692,28.004067,27.996674,28.024441,27.008133,27.027147,27.012345,27.007936
7/21/2022 04:15:08.627,28.005526,28.002723,31.974002,32.030601,28.028654,28.011099,27.991003,28.049143,27.018459,28.015951,28.034014,28.035538,27.013132,27.029753,27.008543,27.018525
7/21/2022 04:20:10.543,28.011033,28.02731,32.027962,31.969101,28.065862,27.999477,28.024228,28.032538,27.081598,27.997264,28.044947,28.002493,27.011411,27.023344,27.011952,27.013657
7/21/2022 04:25:10.612,28.017458,28.045291,31.992802,31.980132,28.03008,28.019491,28.033047,28.010017,27.074845,28.029572,28.024736,28.044602,26.998429,27.020721,27.002068,27.020148
7/21/2022 04:30:10.216,28.005591,28.035391,31.967494,32.025749,28.008951,28.008492,27.988446,27.99751,27.072305,28.013164,28.001346,28.018311,27.005018,27.010051,26.998806,27.013132
7/21/2022 04:35:10.481,28.016475,28.014066,32.023372,32.006948,28.003051,28.025539,28.03126,28.031653,27.061339,28.006198,28.016573,27.99238,26.998232,27.007805,27.01541,27.010362
7/21/2022 04:40:11.907,28.011967,27.992937,32.00326,31.958004,28.056798,28.012459,28.019081,28.027752,27.047505,28.020589,28.047848,28.044865,27.014984,27.006494,27.010444,27.014165
7/21/2022 04:45:10.132,28.000887,28.043799,31.960544,31.988754,28.041652,28.002018,28.004198,28.00946,27.03644,27.996166,28.020376,27.99933,27.013853,27.005117,27.003248,27.013034
7/21/2022 04:50:08.684,28.032391,28.061699,32.017504,32.024847,28.014492,28.022048,28.047274,28.009623,27.024672,28.034276,27.998527,28.047159,27.004674,27.025098,27.011411,27.006526
7/21/2022 04:55:08.512,28.019622,28.038226,32.000752,31.983132,27.987167,27.997773,27.991773,28.027424,27.008674,28.020524,28.018032,28.017147,27.00787,27.018623,27.008477,27.014312
7/21/2022 05:00:07.915,27.994199,28.025867,31.965757,31.961282,28.052552,28.015705,28.026162,28.018458,26.999281,27.996805,28.036079,28.005444,27.017181,27.014001,27.012952,27.003773
7/21/2022 05:05:11.435,28.030129,27.998002,32.016635,32.015455,28.064518,27.996396,28.006591,28.005116,27.039997,28.040324,28.014934,28.026752,27.012263,27.012362,27.022246,27.006084
7/21/2022 05:10:11.106,28.038915,28.004854,31.987738,32.029207,28.031621,28.018983,28.016934,28.025408,27.071829,28.02413,27.994527,27.994658,27.000216,27.009772,27.005805,27.011493
7/21/2022 05:15:08.843,28.010328,28.059371,31.972231,31.957168,27.989774,28.005706,28.027015,28.041668,27.059306,28.000772,28.026621,28.037177,27.002429,27.0111,27.008297,27.011739
7/21/2022 05:20:09.672,28.010902,28.048143,32.019455,31.986836,28.008492,28.023786,27.983758,28.021622,27.047144,28.033801,28.023605,28.004575,27.001052,27.010395,27.009854,27.013165
7/21/2022 05:25:07.164,28.015311,28.029752,31.985,32.023667,28.063797,28.002772,28.033276,28.002903,27.03149,28.01541,27.997363,28.020294,27.008231,27.005346,27.017558,27.019131
7/21/2022 05:30:08.870,28.000379,28.013,31.979099,31.994524,28.046996,28.004559,28.0229,28.015377,27.02518,28.01477,28.023474,28.038751,27.018459,27.018459,27.008756,27.012296
7/21/2022 05:35:07.832,28.017409,27.993576,32.029748,31.961184,28.008574,28.00528,28.004919,28.043685,27.011526,28.022917,28.013393,28.004034,27.018853,27.014525,27.003609,27.004445
7/21/2022 05:40:12.311,28.010082,28.052274,31.977575,32.002031,27.988528,28.004329,28.026179,28.033686,26.99797,27.997101,27.997428,28.036964,27.002953,27.004723,27.019836,27.013853
7/21/2022 05:45:08.738,27.992544,28.052749,32.0078,32.026864,28.060469,28.012295,28.016983,28.013016,27.03172,28.025113,28.027818,28.016754,27.000953,27.008493,27.027393,27.013837
7/21/2022 05:50:06.514,28.012066,28.038931,32.020192,31.975379,28.063715,28.001329,28.013082,27.995248,27.059421,28.002231,28.032194,28.019589,27.029179,27.010624,27.019672,27.010051
7/21/2022 05:55:10.689,28.017901,28.014721,31.952168,31.979001,28.024884,28.012689,28.030981,28.031473,27.057175,28.036522,28.011312,28.017508,27.028147,27.00433,27.015066,27.006887
7/21/2022 06:00:09.531,27.99992,27.995625,32.001883,32.020405,28.000166,28.002969,27.999838,28.027277,27.052045,28.035571,27.988364,28.009591,27.016492,27.006035,27.014116,27.011247
7/21/2022 06:05:07.060,28.020229,28.028326,32.017471,31.986836,28.014131,28.0031,28.014934,28.008443,27.03049,27.997445,28.031784,28.021147,27.017672,27.005281,27.017295,27.007477
7/21/2022 06:10:09.016,28.018196,28.031522,31.969969,31.985902,28.058797,28.001051,28.036587,27.99692,27.016214,28.050995,28.026048,28.000559,27.006985,27.008739,27.005854,27.008805
7/21/2022 06:15:09.293,27.999395,28.030785,32.018078,32.026601,28.033669,28.024917,27.992396,28.04834,27.012247,28.031784,27.997182,28.027867,26.99838,27.00633,27.014935,27.009755
7/21/2022 06:20:10.912,28.009328,28.006984,32.006342,31.996884,28.00587,28.017803,28.030293,28.049864,26.996364,28.005427,28.009492,27.992937,27.032966,27.005412,27.014279,27.016263
7/21/2022 06:25:08.289,28.002329,28.00687,31.967085,31.964839,27.994871,28.003788,28.00846,28.030424,27.02,28.030326,28.019507,28.032538,27.034752,27.016722,27.006133,27.017656
7/21/2022 06:30:07.535,28.008034,28.050339,32.003801,31.99672,28.053339,28.012951,28.00269,28.014852,27.076911,28.038456,28.000543,28.015721,27.02677,27.0061,27.008608,27.009919
7/21/2022 06:35:07.109,28.011754,28.038374,31.998982,32.032584,28.040439,28.002756,28.028998,27.993806,27.085795,28.018508,28.002969,27.993429,27.022754,27.000789,27.015197,27.013952
7/21/2022 06:40:08.455,28.001706,28.016868,31.96974,31.977477,28.015344,28.011541,28.000871,28.041914,27.075812,27.991265,28.021999,28.034276,27.021262,27.003117,27.014968,27.01764
7/21/2022 06:45:07.343,28.02154,28.00028,32.020258,31.978903,27.982906,27.999658,28.011525,28.032522,27.062568,28.031817,27.995232,27.996592,27.01959,27.012624,27.019492,27.015378
7/21/2022 06:50:08.061,28.019114,28.014639,31.989262,32.021749,28.052077,28.01341,28.037374,28.022196,27.048947,28.012623,28.006542,28.045766,27.007887,27.013411,27.017902,27.012509
7/21/2022 06:55:11.758,28.00646,28.062436,31.986148,32.013914,28.055404,28.001379,28.013082,28.000051,27.045685,28.011508,28.038669,28.002788,27.001429,27.004592,27.016164,27.017164
7/21/2022 07:00:10.821,28.013164,28.046438,32.025831,31.960954,28.034079,28.010476,28.038079,28.01936,27.040112,28.022179,28.024146,28.040652,27.007248,27.008198,27.027999,27.023688
7/21/2022 07:05:08.318,28.021147,28.023179,31.968576,31.992884,27.993314,27.993904,27.990315,28.044406,27.02418,28.004641,27.995855,28.012639,27.018492,27.011509,27.023983,27.022213
7/21/2022 07:10:09.477,28.00369,28.006427,31.987295,32.023175,28.002887,28.017032,28.033112,28.021278,27.022754,28.022278,28.030244,28.016934,27.017017,27.019443,27.015492,27.024852
7/21/2022 07:15:08.588,27.999592,27.996871,32.022274,31.988082,28.06442,28.006837,28.006952,28.000428,27.015706,28.00882,28.042259,28.030506,27.011329,27.028671,27.023557,27.020607
7/21/2022 07:20:08.569,28.009886,28.060273,31.962528,31.974788,28.053388,28.027949,28.008132,28.012164,27.010198,28.007738,28.01913,27.994396,27.01046,27.020557,27.029933,27.031572
7/21/2022 07:25:07.158,28.002313,28.057552,31.993245,32.016226,28.023392,28.014901,28.054011,28.037079,26.994495,27.99474,27.991691,28.031932,27.004543,27.024262,27.023409,27.031687
7/21/2022 07:30:09.264,28.024966,28.039423,32.020782,32.013439,27.997412,28.00587,28.001641,28.022851,27.021442,28.043291,28.01382,28.002526,27.009706,27.012837,27.031638,27.036555
7/21/2022 07:35:09.781,28.023359,28.013918,31.964036,31.969642,28.014967,28.013672,28.037292,27.99815,27.052832,28.027867,28.044373,28.037685,27.013312,27.013755,27.025819,27.037883
7/21/2022 07:40:09.991,28.012607,27.994593,32.005522,31.987885,28.065583,28.011197,27.997314,28.018934,27.065502,28.002116,28.022409,28.043242,27.014312,27.019557,27.03154,27.044243
7/21/2022 07:45:08.757,28.00569,28.022474,32.016947,32.026306,28.054995,28.011787,28.013098,28.037505,27.058093,28.023835,27.996133,28.004362,27.009444,27.018672,27.042768,27.050504
7/21/2022 07:50:12.171,27.992265,28.064878,31.962315,31.977362,28.020261,27.998641,28.024966,28.026261,27.058667,28.015623,28.009279,28.028982,27.008379,27.016804,27.033687,27.051062
7/21/2022 07:55:10.189,28.020671,28.050339,32.015849,31.978034,27.997543,28.014885,28.01382,28.005001,27.048504,27.998117,28.040455,28.004296,27.001675,27.020082,27.039899,27.061732
7/21/2022 08:00:10.489,28.012508,28.022868,31.994655,32.034567,28.031784,27.993462,28.018049,28.012574,27.042554,28.032702,28.034489,28.015475,27.013591,27.020311,27.048029,27.060831
7/21/2022 08:05:09.892,27.996183,27.995937,31.975329,32.018356,28.058256,28.010935,28.017016,28.03585,27.0478,28.020163,28.017442,28.048782,27.017541,27.022475,27.049849,27.064093
7/21/2022 08:10:06.206,28.022196,28.003428,32.024536,31.953791,28.041685,28.000543,28.014852,28.01695,27.043685,27.997166,27.998477,28.00946,27.01423,27.015427,27.051324,27.074042
7/21/2022 08:15:11.982,28.041832,28.050405,31.9771,31.998752,28.015033,28.005411,28.036899,27.987954,27.043177,28.031342,28.03226,28.026965,27.016427,27.022229,27.053389,27.064256
7/21/2022 08:20:11.170,28.030473,28.036177,31.969969,32.024372,27.988216,28.003018,27.995396,28.032588,27.039473,28.014688,28.036472,28.020851,27.016099,27.018377,27.057356,27.080304
7/21/2022 08:25:09.742,28.020393,28.01818,32.037026,31.995704,28.037374,28.013328,28.028047,28.047995,27.044259,28.004608,28.019688,27.997527,27.01959,27.023967,27.061667,27.085844
7/21/2022 08:30:09.558,28.009623,28.008329,31.978149,31.965429,28.077401,28.001002,28.016934,28.031326,27.035178,28.023343,28.001034,28.036849,27.022836,27.024786,27.061044,27.089335
7/21/2022 08:35:12.210,28.003313,27.995494,31.976411,32.009145,28.053273,28.012262,27.997215,28.007788,27.032998,28.008706,28.013918,28.005853,27.014919,27.02872,27.065732,27.095695
7/21/2022 08:40:10.029,28.027949,28.056929,32.027191,32.03083,28.01736,28.010279,28.031162,27.995347,27.045013,28.027687,28.043521,28.04552,27.015607,27.036817,27.073977,27.105054
7/21/2022 08:45:10.917,28.015754,28.061781,31.972231,31.962806,27.992232,27.992495,28.011754,28.041455,27.025786,28.013508,28.038095,28.032407,27.027491,27.034965,27.073829,27.098318
7/21/2022 08:50:08.631,28.014262,28.0507,32.00485,31.974428,28.008919,28.012377,28.006296,28.042078,27.038293,28.004149,28.017622,28.013951,27.028163,27.030064,27.079927,27.108546
7/21/2022 08:55:06.759,27.995576,28.024687,32.011833,32.023831,28.060945,28.000903,28.03562,28.024179,27.038325,28.004034,28.0031,28.013082,27.026557,27.046783,27.089499,27.106825
7/21/2022 09:00:11.329,28.015065,28.005673,31.970264,32.012259,28.044979,28.010918,28.017245,27.999018,27.046341,28.013312,28.015688,28.038915,27.033015,27.045062,27.091482,27.115446
7/21/2022 09:05:11.157,27.998527,28.000657,32.014226,31.969592,28.018245,27.988348,28.02831,28.014377,27.037916,28.002264,28.014836,28.002559,27.031917,27.052553,27.092368,27.123249
7/21/2022 09:10:11.834,28.012,28.044275,32.010112,31.9989,27.990937,28.023409,28.013098,28.030949,27.035703,28.017409,27.999756,28.031178,27.034621,27.055012,27.08827,27.130199
7/21/2022 09:15:12.099,28.019475,28.040324,31.961331,32.037813,28.012394,28.008542,28.034358,28.014262,27.03985,27.996166,28.019983,28.017655,27.029425,27.055995,27.096875,27.135509
7/21/2022 09:20:08.377,28.001264,28.026162,32.019078,31.996277,28.054093,28.00923,28.003739,27.995445,27.045652,28.029785,28.043242,27.999281,27.045915,27.051324,27.094826,27.142459
7/21/2022 09:25:11.429,28.011541,28.004641,32.000228,31.966429,28.04157,28.00982,28.020097,28.027752,27.045144,28.008689,28.025916,28.043176,27.035293,27.067305,27.109529,27.142164
7/21/2022 09:30:10.691,28.00964,28.001952,31.971887,32.016766,28.007329,28.007771,28.008886,28.024998,27.039752,27.997478,28.009033,28.017819,27.036555,27.055667,27.111857,27.156474
7/21/2022 09:35:09.999,28.00092,28.047651,32.029929,32.031699,27.991052,28.007263,28.008001,28.003772,27.042981,28.026654,28.003264,28.014918,27.042981,27.06565,27.10989,27.1549
7/21/2022 09:40:07.796,28.018212,28.038685,31.982591,31.969412,28.039816,28.005935,28.024802,28.000428,27.036817,28.019212,28.028096,28.021097,27.044571,27.071731,27.121478,27.159047
7/21/2022 09:45:10.643,28.016491,28.025375,31.989737,31.995294,28.054142,28.024523,28.020048,28.050077,27.03962,27.997445,28.044734,27.989528,27.042095,27.071354,27.120659,27.168882
7/21/2022 09:50:10.191,28.002706,28.011279,32.035993,32.031945,28.029064,28.006968,28.019983,28.053929,27.042718,28.043767,28.029162,28.059207,27.047603,27.074288,27.134395,27.175947
7/21/2022 09:55:05.916,28.008312,27.997412,31.968035,32.003949,28.003641,28.008624,28.011885,28.026048,27.040866,28.038423,28.016229,28.013672,27.040424,27.078976,27.146459,27.180061
7/21/2022 10:00:07.693,28.019196,28.039603,31.988803,31.964069,28.009328,28.003083,28.009771,28.011935,27.044833,28.020753,27.990019,28.003051,27.052619,27.087286,27.135198,27.193469
7/21/2022 10:05:10.398,28.017934,28.052224,32.017947,31.995835,28.061076,28.01895,28.038325,27.999707,27.048324,28.004149,28.008017,28.024982,27.06365,27.087286,27.141918,27.197337
7/21/2022 10:10:11.059,28.002329,28.041455,31.965495,32.049483,28.041554,28.003985,27.997035,28.045242,27.040342,28.021294,28.005427,28.007066,27.058044,27.09163,27.148704,27.197436
7/21/2022 10:15:11.534,28.006181,28.03167,31.991786,31.996376,28.015967,28.020409,28.024425,28.04393,27.049586,28.001166,28.003346,28.037013,27.057471,27.101793,27.153114,27.143803
7/21/2022 10:20:13.141,28.010869,28.015836,32.028388,31.962577,27.986184,28.017803,28.023048,28.034292,27.04775,28.02154,28.015508,28.015721,27.060191,27.097826,27.15967,27.114938
7/21/2022 10:25:07.547,28.013246,28.002018,31.971543,32.012685,28.030686,27.99851,28.011869,28.00569,27.048537,28.015393,28.004444,28.006034,27.057913,27.108857,27.162162,27.114348
7/21/2022 10:30:11.177,28.010541,28.01282,32.00385,32.015619,28.055355,28.018426,28.024998,27.989626,27.053061,28.006001,28.013246,28.02808,27.053832,27.107464,27.152507,27.110021
7/21/2022 10:35:06.005,28.004673,28.030293,32.007637,31.976673,28.035259,28.015131,27.996379,28.04516,27.052701,28.041078,28.039226,27.996461,27.064584,27.112119,27.166735,27.119659
7/21/2022 10:40:06.220,28.027457,28.018327,31.969871,31.990114,28.007493,27.999756,28.04016,28.050634,27.055749,28.020507,28.019671,28.032342,27.064175,27.116348,27.182274,27.125183
7/21/2022 10:45:09.794,28.028523,28.003903,32.015537,32.0366,27.990954,28.023032,28.000805,28.033489,27.050619,28.008279,28.011574,28.005558,27.071895,27.115987,27.177192,27.14264
7/21/2022 10:50:08.854,28.011656,28.000231,31.993081,32.004309,28.06024,28.008411,28.015065,28.020786,27.048685,28.022753,27.995888,28.047782,27.072878,27.12951,27.184568,27.13828
7/21/2022 10:55:08.148,28.014918,28.037505,31.974428,31.96279,28.053765,28.018885,28.036948,28.001362,27.063027,28.01,28.022704,28.025851,27.080238,27.131018,27.186896,27.153802
7/21/2022 11:00:08.611,28.008509,28.044176,32.023143,32.003244,28.030555,27.999002,28.00528,28.030916,27.060929,28.002706,28.023425,27.995084,27.07737,27.133165,27.187191,27.15513
7/21/2022 11:05:06.898,28.007427,28.024408,31.98046,32.040288,28.00069,28.006526,28.036669,28.062551,27.063486,28.021261,28.00623,28.045078,27.082238,27.14241,27.191387,27.162096
7/21/2022 11:10:11.831,28.005149,28.011804,31.997195,31.984853,28.009033,28.009033,28.006607,28.050716,27.059405,28.003542,27.995691,28.023458,27.080484,27.133805,27.169079,27.177307
7/21/2022 11:15:11.663,28.010738,27.999346,32.01852,31.955447,28.051274,28.004575,28.040275,28.025539,27.067666,28.00941,28.033096,28.002182,27.08309,27.143639,27.146262,27.176865
7/21/2022 11:20:10.137,28.003723,28.019524,31.966167,32.014472,28.050405,28.027375,28.003641,28.007689,27.06501,28.014262,28.026621,28.044193,27.087827,27.145279,27.14795,27.181618
7/21/2022 11:25:07.402,28.016278,28.027851,31.99749,32.024356,28.02513,28.004559,28.043963,28.003854,27.065322,28.008247,28.014246,28.029703,27.095302,27.149819,27.152474,27.188043
7/21/2022 11:30:10.592,28.008607,28.010771,32.023716,31.976378,27.992298,28.015492,27.998379,28.023064,27.067076,28.034555,28.004968,28.005591,27.092958,27.157785,27.170718,27.190142
7/21/2022 11:35:12.934,28.006083,28.002362,31.964232,31.988393,28.026834,28.006017,28.000428,28.020048,27.06565,28.007886,28.010525,28.019606,27.097105,27.162178,27.178209,27.134542
7/21/2022 11:40:10.602,28.031227,28.030621,32.005588,32.029355,28.060109,28.01541,28.038226,27.99238,27.06724,28.0001,28.027342,28.021458,27.101694,27.165522,27.177225,27.043374
7/21/2022 11:45:10.474,28.022163,28.044373,32.01993,32.009194,28.041865,28.009623,27.992019,28.036472,27.072616,28.018868,28.009722,27.998166,27.095531,27.161801,27.173619,27.028622
7/21/2022 11:50:08.290,27.999313,28.028605,31.959135,31.973313,28.015213,28.024376,28.029867,28.054208,27.067076,28.00787,28.008509,28.035079,27.109283,27.163457,27.177487,27.025163
7/21/2022 11:55:06.099,28.004903,28.019147,31.991458,32.012374,27.987364,28.015983,27.993822,28.038243,27.076796,28.014459,28.041996,28.005214,27.098334,27.164014,27.185126,27.03331
7/21/2022 12:00:09.500,28.012197,27.999576,32.031699,32.029716,28.041275,28.003362,28.028424,28.022474,27.074452,28.02036,28.044586,28.021589,27.103563,27.174783,27.184667,27.029179
7/21/2022 12:05:11.255,28.003018,28.009919,31.973854,31.973707,28.052765,28.005001,28.020376,27.999707,27.074649,28.004116,28.01854,28.017639,27.105923,27.163227,27.184077,27.039522
7/21/2022 12:10:05.902,27.993675,28.036407,31.995392,31.978018,28.029719,28.017114,28.011623,28.017852,27.066125,28.024736,28.012115,27.995838,27.105218,27.175816,27.175406,27.056684
7/21/2022 12:15:10.628,28.017344,28.0249,32.020455,32.028076,27.997773,28.002264,28.053978,28.04257,27.075108,28.000903,28.004559,28.046897,27.111873,27.173029,27.16426,27.058126
7/21/2022 12:20:12.470,28.013869,28.015033,31.969101,32.006194,28.013967,28.009853,28.002215,28.01777,27.074583,28.012689,28.032457,28.011804,27.11048,27.179602,27.16485,27.070141
7/21/2022 12:25:06.471,27.998674,27.996986,31.998752,31.973526,28.055568,27.99674,28.042357,28.004968,27.074337,28.007738,28.027588,28.010558,27.110234,27.181929,27.17634,27.074108
7/21/2022 12:30:07.519,27.999149,28.034292,32.015111,32.010374,28.03326,28.020819,27.995543,28.002346,27.06942,28.018999,28.002706,28.043963,27.106054,27.178717,27.172636,27.090204
7/21/2022 12:35:08.295,28.012623,28.065239,31.975379,32.03283,28.008001,28.009033,28.018622,28.040587,27.07555,27.997838,27.995609,28.014033,27.109775,27.181946,27.187535,27.09145
7/21/2022 12:40:07.750,27.997592,28.046242,32.016685,31.980181,27.985446,28.022933,28.009542,28.030703,27.088122,28.026228,28.02354,28.018524,27.118725,27.185732,27.182077,27.096924
7/21/2022 12:45:07.116,28.016295,28.030129,32.007653,31.99431,28.050044,28.006034,28.013672,28.012279,27.076288,28.009476,28.031965,28.002313,27.107759,27.182306,27.175865,27.103923
7/21/2022 12:50:08.805,28.011295,28.010443,31.968183,32.038518,28.047209,28.010394,28.032981,27.99256,27.080074,28.009296,28.010754,28.041209,27.109431,27.188142,27.185257,27.107349
7/21/2022 12:55:10.960,28.005673,28.008296,32.016603,32.007309,28.026228,28.009689,28.013525,28.037325,27.073534,28.025113,27.998232,28.0249,27.110595,27.188027,27.187584,27.11602
7/21/2022 13:00:09.388,28.006263,28.006345,32.005653,31.962397,27.992675,27.996461,28.040767,28.035374,27.074091,28.004575,28.029309,27.996658,27.108398,27.193682,27.112053,27.118938
7/21/2022 13:05:08.434,27.999756,28.058502,31.964167,31.998113,28.027375,28.018294,28.001756,28.017442,27.074042,27.998543,28.049766,28.038947,27.11784,27.186568,27.099531,27.129395
7/21/2022 13:10:08.344,28.015131,28.055585,32.00885,32.034649,28.06378,28.002313,28.030932,27.990544,27.074714,28.046799,28.042996,28.007001,27.118249,27.191273,27.094679,27.127904
7/21/2022 13:15:08.370,28.025703,28.038112,32.010013,31.981902,28.045225,28.023032,27.997707,28.03362,27.083139,28.024392,28.024703,28.031227,27.116414,27.144738,27.104005,27.138116
7/21/2022 13:20:09.435,28.008329,28.02608,31.963101,31.975575,28.018819,28.008706,28.019671,28.046537,27.079418,28.004427,28.012344,28.028096,27.098121,27.115578,27.081336,27.127101
7/21/2022 13:25:09.952,28.004018,28.007657,32.00544,32.018324,27.994478,27.998248,28.021671,28.026523,27.082287,28.02077,27.999395,28.006624,26.98689,27.095105,27.05593,27.103792
7/21/2022 13:30:08.225,28.018786,27.997101,32.012029,32.027634,28.013426,28.021687,28.022245,28.006804,27.089827,28.026195,28.024261,28.039243,26.991463,27.088466,27.030966,27.096973
7/21/2022 13:35:08.430,27.99633,28.052142,31.963692,31.97192,28.06301,27.995183,28.00664,28.010492,27.086336,28.00405,28.033342,28.035096,27.024163,27.080369,26.97617,27.086713
7/21/2022 13:40:06.974,28.015344,28.052814,32.021045,31.979263,28.053618,28.01418,27.996543,28.040996,27.085123,28.003591,28.020688,27.998346,26.708271,27.049799,26.95632,27.052373
7/21/2022 13:45:13.115,28.022769,28.031686,32.002457,32.034453,28.025294,28.002723,28.034112,28.029785,27.092122,28.016606,28.010345,28.056011,26.991217,27.042751,26.920948,27.054438
7/21/2022 13:50:07.565,28.011197,28.016786,31.962774,32.008899,28.005378,28.029867,28.001985,28.012689,27.090155,28.002297,28.006919,28.01936,26.799718,27.007592,26.922816,27.047078
7/21/2022 13:55:10.181,27.995379,27.993937,32.032846,31.9731,28.00405,28.009755,28.027801,28.009919,27.093269,28.02831,28.018819,27.997428,26.837286,27.031621,26.916866,27.028884
7/21/2022 14:00:07.235,28.027556,28.026146,31.989032,32.000506,28.042324,28.007755,28.004395,28.047946,27.097137,28.014082,28.008804,28.041177,26.844777,26.982775,26.877101,27.004527
7/21/2022 14:05:07.871,28.016606,28.052503,31.977001,32.031978,28.030572,28.000739,28.012541,28.039193,27.099006,28.001461,27.995166,28.01477,26.859792,26.993036,26.851678,26.957336
7/21/2022 14:10:10.294,27.992757,28.035128,32.026536,31.986557,28.005067,28.022245,28.045701,28.025687,27.101317,28.009968,28.036718,28.02808,26.767607,26.968843,26.816715,26.952271
7/21/2022 14:15:09.234,28.017622,28.022769,31.976805,31.96992,28.007312,28.009165,27.996035,27.989282,27.091646,27.991675,28.047225,28.048454,25.160229,26.917538,26.801504,26.945551
7/21/2022 14:20:11.045,28.008066,28.010574,31.984131,32.014357,28.043504,28.014901,28.029965,28.03898,27.106726,28.028211,28.025294,28.016836,24.98263,26.558684,25.628741,26.923341
7/21/2022 14:25:07.093,28.005313,27.994642,32.033879,32.009341,28.042996,28.022573,27.994232,28.052388,27.105644,28.019458,28.012312,28.005329,24.724516,26.577304,25.496349,26.879576
7/21/2022 14:30:06.920,28.000477,28.053159,31.971068,31.979853,28.021278,27.99456,28.022261,28.027424,27.113693,28.009869,27.994953,28.031965,25.247677,26.26133,24.968599,26.626626
7/21/2022 14:35:09.226,28.003821,28.0596,31.983509,32.001391,27.999641,28.019819,28.019196,28.011131,27.106136,28.007148,28.01795,27.993117,27.208746,27.05098,26.990299,26.931094
7/21/2022 14:40:07.473,28.015655,28.039882,32.031683,32.026749,28.043799,27.998018,28.020097,27.996953,27.117725,28.018983,28.015951,28.051552,28.327762,27.944812,28.202057,27.733906
7/21/2022 14:45:06.519,28.012131,28.029457,31.963839,31.986344,28.048061,27.995888,28.027867,28.040095,27.109562,28.004427,28.001002,28.028457,28.035751,27.550012,27.888902,27.450812
7/21/2022 14:50:08.252,28.012164,28.003624,31.991032,31.979968,28.032637,28.002067,27.997707,28.024949,27.12556,28.035554,28.005886,28.004706,27.571009,27.08209,27.376625,27.00374
7/21/2022 14:55:07.748,28.007952,27.99497,32.022389,32.032191,27.996347,28.011443,28.030113,28.00446,27.117118,28.031276,28.018737,28.030621,27.025885,26.902081,26.864922,26.908261
7/21/2022 15:00:06.796,28.011492,28.035817,31.961577,32.00885,28.009591,28.003247,28.00882,28.004641,27.115414,28.010214,28.008165,28.03262,26.767935,27.028015,26.808553,27.025819
7/21/2022 15:05:06.640,28.000248,28.04198,32.006948,31.965281,28.047192,28.011345,28.011754,28.046455,27.117446,28.010148,28.005345,28.006509,26.862332,27.107202,26.938142,27.137886
7/21/2022 15:10:07.382,28.016114,28.03639,32.018717,32.015291,28.034571,28.00128,28.037898,28.0418,27.11943,28.024277,28.037571,28.033588,27.014329,27.118462,27.085893,27.154654
7/21/2022 15:15:08.644,28.006083,28.011443,31.966642,32.030634,28.008115,28.003214,28.004559,28.021573,27.121511,28.007689,28.028883,28.013885,27.111103,27.110693,27.144246,27.167522
7/21/2022 15:20:11.601,28.009968,28.006804,32.002293,31.970019,27.994134,28.02013,28.028949,27.996297,27.128379,28.024261,28.003591,28.014164,27.133329,27.113824,27.164374,27.167341
7/21/2022 15:25:10.373,28.001969,28.007132,32.021504,31.982476,28.062043,28.021376,27.990396,28.003133,27.120102,28.006165,27.995593,28.0378,27.142197,27.109841,27.169374,27.174275
7/21/2022 15:30:08.435,28.010902,28.058371,31.964446,32.033879,28.054175,27.999035,28.034325,27.997887,27.126937,27.997297,28.031834,28.006132,27.133149,27.113971,27.164096,27.179586
7/21/2022 15:35:07.910,28.006607,28.054027,32.000703,32.00703,28.025392,28.016655,28.015311,28.019442,27.125462,28.037112,28.031604,28.017065,27.134706,27.110136,27.167587,27.182765
7/21/2022 15:40:13.030,28.02926,28.03585,32.01357,31.966773,28.001116,28.013197,28.015197,28.04357,27.123527,28.020327,28.022392,28.021622,27.136132,27.10948,27.17775,27.182618
7/21/2022 15:45:12.253,28.008361,28.024785,31.95625,32.007735,28.005608,28.006903,28.032719,28.032604,27.124773,27.997559,28.004132,27.995314,27.135018,27.11107,27.1668,27.187683
7/21/2022 15:50:11.174,27.992495,28.001198,32.010472,32.034305,28.057699,27.99951,27.991773,28.010296,27.124478,28.024015,28.005722,28.041488,27.131969,27.115119,27.164932,27.191797
7/21/2022 15:55:12.906,28.027129,28.000133,32.001768,31.974428,28.045799,28.003887,28.024572,27.997314,27.132329,28.006755,28.013984,28.012721,27.126527,27.106448,27.175242,27.158162
7/21/2022 16:00:10.303,28.032391,28.040455,31.958168,31.975165,28.017852,28.004837,27.999641,28.024015,27.122954,28.002805,28.007296,28.00051,27.130625,27.108382,27.176029,27.128412
7/21/2022 16:05:10.256,28.003313,28.045225,32.006965,32.02388,27.984463,28.007247,28.021655,28.032948,27.127543,28.028113,28.013262,28.031899,27.121823,27.107825,27.176947,27.120249
7/21/2022 16:10:12.261,28.007886,28.031407,32.008571,32.011505,28.035915,28.014901,28.019966,28.015606,27.119233,28.007001,28.016573,28.000789,27.126691,27.103186,27.170128,27.114086
7/21/2022 16:15:11.698,27.998625,28.010377,31.976919,31.965577,28.061961,27.998822,28.000657,27.999133,27.122495,28.013377,28.01005,28.045914,27.128445,27.105989,27.175176,27.118708
7/21/2022 16:20:11.161,28.004755,28.005018,32.017094,31.996949,28.046061,28.01636,28.038292,28.026457,27.124953,28.012361,28.006788,28.029031,27.127445,27.098268,27.172275,27.130756
7/21/2022 16:25:10.228,28.002952,28.01382,31.994327,32.038173,28.01459,28.002575,27.999805,28.034768,27.120364,28.00228,28.013393,27.995806,27.117413,27.096973,27.180012,27.125757
7/21/2022 16:30:10.239,28.016098,28.047717,31.975756,31.995097,27.984545,28.018934,28.029506,28.016098,27.121937,28.042111,28.029998,28.035538,27.115364,27.102563,27.181257,27.129969
7/21/2022 16:35:12.133,28.003559,28.030719,32.027421,31.970117,28.052487,28.016032,27.995445,27.992495,27.120528,28.009984,28.024048,28.015672,27.120823,27.090892,27.172341,27.128133
7/21/2022 16:40:08.523,28.029555,28.01977,31.993573,32.013439,28.0537,28.00192,28.019245,28.02213,27.1103,28.005837,27.996314,27.9981,27.114742,27.087729,27.178799,27.1331
7/21/2022 16:45:12.604,28.015819,28.002231,31.967871,32.026126,28.025195,28.014295,28.009951,28.054044,27.098383,28.010246,28.014131,28.029736,27.107546,27.0944,27.179094,27.129199
7/21/2022 16:50:07.276,28.003559,28.006542,32.024208,31.965872,28.004231,27.999084,28.008689,28.045193,27.100268,27.999149,28.016967,27.994347,27.107661,27.092761,27.178241,27.141427
7/21/2022 16:55:06.762,28.00564,28.048881,31.99908,31.985885,28.010197,28.018426,28.032948,28.019016,27.103432,28.043537,27.998002,28.04711,27.105776,27.083615,27.170357,27.141017
7/21/2022 17:00:06.166,28.01913,28.041324,31.977985,32.025044,28.057322,28.004854,28.000166,28.000412,27.100596,28.023376,28.004493,28.027588,27.099252,27.080517,27.168276,27.139984
7/21/2022 17:05:11.589,27.993363,28.022294,32.025896,32.000916,28.035997,28.022605,28.00623,28.017049,27.096023,27.999903,28.029768,27.990544,27.097908,27.076681,27.16462,27.140083
7/21/2022 17:10:10.588,28.016852,28.005444,31.980935,31.960512,28.01,28.01105,28.040636,28.042406,27.090876,28.00964,28.017475,28.055273,27.084139,27.072977,27.164391,27.141099
7/21/2022 17:15:09.322,28.004132,27.993035,31.9761,32.003096,27.986987,28.003903,27.989249,28.036702,27.096629,28.010394,27.998838,28.037079,27.075616,27.069321,27.161965,27.143689
7/21/2022 17:20:09.225,28.001379,28.056683,32.030929,32.015373,28.045996,28.007804,28.032834,28.019065,27.085729,28.018639,28.028703,28.001379,27.075599,27.06583,27.165407,27.140935
7/21/2022 17:25:09.489,28.029162,28.041636,31.982853,31.967035,28.041242,28.005263,28.011738,27.99256,27.082729,27.999149,28.047471,28.027703,27.063863,27.061732,27.157834,27.132149
7/21/2022 17:30:09.118,28.004673,28.033817,31.980116,31.965642,28.006657,28.002313,28.006214,28.030703,27.07078,28.045389,28.036833,28.018885,27.058782,27.047242,27.157408,27.143066
7/21/2022 17:35:09.290,28.000133,28.016213,32.031469,32.023061,27.997969,27.999559,28.034309,28.04316,27.068961,28.023359,28.020458,28.002739,27.050685,27.044915,27.147819,27.137017
7/21/2022 17:40:09.942,28.03049,27.996658,31.970723,31.994851,28.048176,28.004427,27.996707,28.031932,27.058421,28.000674,28.002542,28.041521,27.032687,27.037178,27.149458,27.134821
7/21/2022 17:45:10.293,28.017245,28.031457,31.97333,31.979657,28.031457,27.999035,28.018737,28.019999,27.051619,28.0269,28.011672,28.001575,27.02672,27.032375,27.144377,27.134641
7/21/2022 17:50:10.855,27.993986,28.051831,32.02488,32.009702,27.994757,28.009214,28.033063,27.994593,27.050996,28.008312,28.027424,28.025015,27.019295,27.015329,27.141246,27.120364
7/21/2022 17:55:06.728,28.033751,28.033129,31.965298,32.008899,27.999526,28.00746,27.996642,28.033997,27.031163,28.008673,28.012115,28.033981,27.014738,27.021279,27.137771,27.125412
7/21/2022 18:00:07.494,28.023048,28.005083,31.987885,31.962987,28.0616,28.003657,28.03962,28.031817,27.020115,28.018049,27.999871,28.003214,27.004035,27.008772,27.128674,27.118839
7/21/2022 18:05:09.853,27.996281,27.988839,32.016275,31.986984,28.045258,27.998609,27.986856,28.015229,27.009346,27.999854,28.017393,28.036849,27.023541,27.004379,27.125445,27.113873
7/21/2022 18:10:07.736,28.011869,28.045094,31.960315,32.021946,28.01718,28.005198,28.034178,27.997625,27.002494,28.006984,28.041537,28.031407,27.019394,27.02931,27.129428,27.10889
7/21/2022 18:15:10.391,28.046651,28.068747,31.975395,31.969724,27.989544,28.010607,27.999707,28.024376,27.001543,28.016983,28.029047,27.999313,27.015476,27.025327,27.121118,27.107152
7/21/2022 18:20:10.239,28.032145,28.040505,32.023405,31.956873,28.033456,28.00487,28.01759,28.025949,27.034424,28.017655,28.010754,28.024835,27.002429,27.023082,27.115414,27.105808
7/21/2022 18:25:07.417,28.005198,28.031489,31.969838,32.017225,28.051503,28.003559,28.03403,28.010066,27.041505,28.006427,28.004231,27.997215,27.008297,27.012722,27.109742,27.105923
7/21/2022 18:30:07.073,28.003985,28.008443,31.988295,32.014455,28.025523,28.007575,28.000772,27.996625,27.02418,28.011541,28.034128,28.036423,27.005756,27.002248,27.103809,27.095695
7/21/2022 18:35:10.585,28.042177,28.01972,32.021323,31.964429,27.989675,28.014639,28.025785,28.020458,27.015296,28.005558,28.025015,27.996232,26.999445,27.009821,27.106366,27.09858
7/21/2022 18:40:09.692,28.015639,28.056257,31.956447,31.994507,28.008279,27.997215,28.028424,28.022786,27.007166,28.002837,28.004034,28.050749,27.012444,27.015574,27.099416,27.09976
7/21/2022 18:45:07.411,27.997101,28.046471,31.999359,32.021897,28.061436,28.021868,27.994904,27.998772,26.993315,28.019327,27.998969,28.022786,27.015804,27.015427,27.096826,27.08586
7/21/2022 18:50:07.157,28.030981,28.022818,32.023798,31.977329,28.047684,27.997051,28.021507,28.015311,27.019607,28.022048,28.024851,27.989872,27.020525,27.004641,27.091433,27.088253
7/21/2022 18:55:07.715,28.024113,28.007312,31.951857,31.963429,28.014951,28.013377,28.015655,28.050602,27.040768,27.995461,28.01159,28.042504,27.00851,27.013722,27.087172,27.08168
7/21/2022 19:00:07.218,27.993019,28.003034,31.986213,32.015799,27.994101,28.004313,27.999723,28.038767,27.038604,28.024326,27.996183,28.002034,26.998921,27.016263,27.090614,27.083254
7/21/2022 19:05:11.882,28.023163,28.059781,32.04391,32.006522,28.051241,28.015672,28.014426,28.053601,27.032523,28.005673,28.015311,28.033309,27.038866,27.013263,27.08568,27.072977
7/21/2022 19:10:11.348,28.033981,28.04652,31.971395,31.956758,28.046225,27.99974,28.041947,28.073189,27.014132,28.029195,28.035948,28.031817,27.037211,27.005674,27.079582,27.07455
7/21/2022 19:15:10.687,28.007738,28.034702,31.981181,31.985344,28.001395,28.018081,27.998805,28.051339,26.996085,28.015328,28.005575,28.004657,27.033474,27.017377,27.067797,27.06783
7/21/2022 19:20:09.551,28.003952,28.010082,32.019569,32.027372,27.999395,27.99415,28.032293,28.033522,26.996429,27.994166,28.010394,28.037308,27.021721,27.020984,27.070993,27.069748
7/21/2022 19:25:07.697,28.030867,27.994855,31.973559,31.978444,28.066173,28.021228,28.001166,28.070075,27.047062,28.033735,28.028736,28.004739,27.009657,27.011575,27.062945,27.06129
7/21/2022 19:30:11.392,28.015934,28.051372,31.991212,31.959463,28.044668,27.998477,28.009246,28.080221,27.042849,28.007525,28.024474,28.003542,27.009346,27.005608,27.067633,27.066191
7/21/2022 19:35:12.453,27.999805,28.051683,32.010112,32.01339,28.016557,28.019704,28.041668,28.066895,27.031818,28.026244,27.996543,28.025687,27.012034,27.015656,27.060306,27.058044
7/21/2022 19:40:10.070,28.026457,28.038112,31.963364,32.026519,27.98938,27.998035,27.999985,28.041537,27.029359,28.023048,28.012443,27.992675,27.031703,27.037588,27.062683,27.052651
7/21/2022 19:45:09.123,28.024081,28.011656,32.010603,31.961741,28.054536,28.011082,28.025326,28.05211,27.011575,27.994675,28.009328,28.04734,27.034408,27.035228,27.051586,27.048963
7/21/2022 19:50:10.695,27.999444,27.997363,31.995458,31.966019,28.045799,28.002428,28.011476,28.084827,27.00433,28.036784,27.997166,28.011869,27.022524,27.024491,27.049914,27.049963
7/21/2022 19:55:08.323,28.017721,28.029359,31.962413,32.015177,28.016147,28.01718,28.014098,28.076336,27.011936,28.017377,28.030227,28.032096,27.015722,27.015804,27.047685,27.04839
7/21/2022 20:00:05.688,28.016573,28.03921,32.012751,32.008473,27.992544,27.992577,28.036849,28.051306,27.022344,27.999658,28.037931,28.019852,26.999757,27.001871,27.047013,27.041932
7/21/2022 20:05:06.992,27.994986,28.01259,32.020553,31.95984,28.036472,28.022064,28.001411,28.064665,27.029015,28.03503,28.010394,27.993462,27.01959,26.999642,27.034195,27.041653
7/21/2022 20:10:08.264,28.016885,27.99138,31.941596,31.982591,28.050552,28.005313,27.999166,28.143835,27.015181,28.015229,27.998756,28.038964,27.026884,27.023918,27.024458,27.043128
7/21/2022 20:15:08.116,28.024687,28.024687,31.987705,32.028027,28.023113,28.017786,28.023064,28.139278,27.003363,28.010754,28.031932,28.005099,27.015476,27.033457,27.033818,27.04026
7/21/2022 20:20:09.642,27.995691,28.063895,32.02888,31.985164,27.984873,28.004395,28.015623,28.118035,26.999495,28.014361,28.022392,28.021982,27.006117,27.025262,27.030359,27.042587
7/21/2022 20:25:07.219,28.033948,28.034915,31.966642,31.970051,28.028506,28.017639,27.988298,28.098202,27.034523,27.995379,27.991773,28.041373,27.004068,27.005428,27.022016,27.029835
7/21/2022 20:30:07.311,28.028096,28.021966,32.006342,32.008686,28.056814,27.998133,28.040423,28.07291,27.052865,28.044734,28.014197,28.004001,27.018066,27.006953,27.026802,27.0349
7/21/2022 20:35:07.871,27.999461,28.005001,32.009079,32.028781,28.028473,28.018393,27.995609,28.112167,27.044964,28.012951,28.021147,28.042324,27.013444,27.004445,27.01918,27.027327
7/21/2022 20:40:08.709,28.010132,28.002477,31.967199,31.961511,27.990167,28.003755,28.013,28.11361,27.028851,28.000166,28.004477,28.028375,27.003183,27.019066,27.014247,27.02141
7/21/2022 20:45:10.085,28.017786,28.059437,32.004752,31.975329,28.018442,28.018245,28.032407,28.107512,27.017197,28.019294,28.003788,27.99815,27.002576,27.018049,27.014165,27.02495
7/21/2022 20:50:09.671,27.995527,28.04416,32.000392,32.023864,28.055224,27.998428,27.992052,28.072009,27.001773,27.999002,28.037144,28.05706,27.008936,27.012198,27.014017,27.021033
7/21/2022 20:55:09.275,28.020786,28.031047,31.96238,32.006374,28.018032,28.009591,28.035768,28.117331,26.996184,28.031555,28.023343,28.021819,27.002511,27.010034,27.007559,27.014853
7/21/2022 21:00:12.909,28.009869,28.000084,32.027437,31.958823,27.989151,27.997002,28.011804,28.130394,27.031638,28.022507,28.005575,27.99279,27.005494,27.015427,27.007821,27.01487
7/21/2022 21:05:12.293,27.993298,27.999166,31.997966,31.993327,28.011967,28.016983,28.004132,28.114462,27.058962,27.9991,28.006919,28.038702,27.016132,27.00392,26.996774,27.006969
7/21/2022 21:10:11.300,28.028162,28.066239,31.969166,32.028044,28.056322,28.010673,28.030047,28.15349,27.051602,28.037489,28.04016,28.010722,26.999101,27.001445,27.00946,27.014755
7/21/2022 21:15:11.151,28.030162,28.061862,32.021553,31.981427,28.032637,28.01854,28.006509,28.157735,27.042981,28.02077,28.019852,28.014852,27.00574,27.03449,27.014689,27.016984
7/21/2022 21:20:10.295,27.994199,28.040111,32.002408,31.96356,28.004886,27.9991,28.012213,28.13187,27.034687,27.999035,28.00964,28.034079,27.033359,27.039161,27.016017,27.003412
7/21/2022 21:25:10.621,28.008755,28.024802,31.965363,32.013144,27.997461,28.026654,28.03562,28.121641,27.019213,28.027916,28.0001,28.007148,27.015722,27.027901,27.019377,27.009297
7/21/2022 21:30:10.224,28.027834,27.992724,32.020045,32.008276,28.057584,28.020245,27.999133,28.155686,27.006248,28.010804,28.028949,28.054536,27.015181,27.025622,27.014001,27.004248
7/21/2022 21:35:08.020,28.007329,28.02672,31.987754,31.959397,28.051093,28.002395,28.031752,28.148949,26.999806,28.027818,28.02572,28.015901,27.010428,27.00892,27.011427,27.006641
7/21/2022 21:40:07.100,28.011377,28.066845,31.970707,31.987229,28.012803,28.000805,28.000592,28.123428,27.012198,28.018163,27.994232,27.995625,26.998134,27.006428,27.002248,27.009034
7/21/2022 21:45:11.027,28.008247,28.048553,32.025634,32.029584,27.985037,28.01,28.007952,28.124264,27.055586,27.99992,28.00846,28.040439,27.041276,27.005854,27.003674,27.011903
7/21/2022 21:50:11.649,27.998117,28.022655,31.990901,32.002965,28.032538,28.001772,28.039013,28.163177,27.055586,28.030145,28.040095,27.998527,27.040047,27.024721,27.0111,27.026999
7/21/2022 21:55:06.748,28.014361,27.997494,31.977854,31.955873,28.041423,28.022523,28.008706,28.147048,27.048078,28.009165,28.030473,28.030785,27.037981,27.013017,27.010673,27.019967
7/21/2022 22:00:11.130,28.016032,28.011836,32.028765,31.987295,28.025064,27.992101,28.020638,28.12592,27.031589,27.993331,28.00069,28.015,27.025393,27.005576,27.00928,27.012788
7/21/2022 22:05:11.792,27.989446,28.060617,31.969396,32.028585,27.991954,28.006771,28.021228,28.146523,27.01823,28.035145,28.010263,27.996248,27.022229,27.00197,27.006117,27.00551
7/21/2022 22:10:08.986,28.026179,28.051044,31.978608,31.978247,28.043996,27.999559,28.001133,28.226218,27.005084,28.016164,28.038243,28.026359,27.012427,27.012263,27.004658,27.015001
7/21/2022 22:15:08.848,28.018049,28.022491,32.020389,31.959758,28.035423,28.02172,28.023474,28.211875,27.002658,28.021065,28.017999,27.998477,27.005084,27.002396,27.007493,27.020541
7/21/2022 22:20:08.731,27.995183,27.989741,31.965249,31.996884,28.002657,28.002018,28.019409,28.201877,27.003068,28.046487,27.996166,28.048946,27.017427,27.007756,27.015247,27.006051
7/21/2022 22:25:08.142,28.02295,28.016885,31.965413,32.030814,27.990823,28.015426,27.992036,28.176733,27.043013,28.017557,28.018426,28.032997,27.024835,27.019836,27.023737,27.01582
7/21/2022 22:30:06.485,28.009246,28.06119,32.016176,31.964904,28.059338,28.030719,28.035391,28.153277,27.047931,28.006378,28.033161,27.995101,27.007936,27.019492,27.028114,27.014689
7/21/2022 22:35:07.073,27.999494,28.039521,31.990803,31.962102,28.058715,28.017803,28.008197,28.200861,27.034506,28.02349,28.005476,28.050126,27.008461,27.002658,27.012837,27.005379
7/21/2022 22:40:06.701,28.011279,28.018081,31.976395,32.010292,28.02231,28.005985,28.002165,28.181011,27.022623,28.007493,27.995101,28.007017,27.00769,27.004838,27.000134,27.012919
7/21/2022 22:45:09.590,27.986299,27.998068,32.033207,32.018045,27.986413,27.998248,28.032096,28.157735,27.013542,28.033653,28.020229,28.020835,27.014624,27.019803,26.99879,27.009362
7/21/2022 22:50:11.470,28.009935,28.017393,31.982607,31.955529,28.029293,28.01005,27.992331,28.194107,26.997134,28.029604,28.011738,27.997559,27.00851,27.009657,27.01646,27.011706
7/21/2022 22:55:10.993,27.997248,28.054896,31.976411,31.980624,28.05547,28.006083,28.023802,28.195271,27.001232,27.992462,27.984873,28.040406,27.00728,26.998282,27.033179,27.012263
7/21/2022 23:00:09.013,28.005968,28.040357,32.02052,32.021209,28.03603,27.999477,28.037079,28.173913,27.040538,28.033833,28.025982,28.008853,27.02295,27.021279,27.026737,27.009608
7/21/2022 23:05:08.624,28.001772,28.011967,31.970199,32.006145,27.995101,28.013967,28.002739,28.19019,27.038653,28.018786,28.036817,28.008001,27.015869,27.027442,27.017295,27.010296
7/21/2022 23:10:07.234,28.005673,27.983463,31.991934,31.968609,28.003985,28.003444,28.044275,28.261787,27.027917,28.003411,28.010984,28.023589,27.009313,27.022819,27.01405,27.00692
7/21/2022 23:15:07.192,27.996789,28.039685,32.022372,31.997212,28.069534,28.00369,27.994724,28.257607,27.01941,28.024654,27.98802,27.983135,27.007641,27.014165,27.007248,27.013886
7/21/2022 23:20:07.430,28.017786,28.064338,31.967871,32.023225,28.050339,28.016983,28.023982,28.237593,27.016492,27.997101,28.030276,28.046569,27.030376,27.00333,27.005576,27.00828
7/21/2022 23:25:09.009,28.004722,28.042636,31.988016,31.973674,28.016623,28.006263,28.028834,28.20268,26.996938,28.028949,28.038915,28.008788,27.031589,27.007592,26.997233,27.003478
7/21/2022 23:30:07.669,28.001084,28.019622,32.024323,31.980919,27.979841,28.01341,28.013639,28.200861,27.035932,28.018147,28.025556,28.036538,27.019541,27.020426,27.029196,27.002789
7/21/2022 23:35:06.835,28.031604,27.992019,31.96297,32.030011,28.037177,27.993822,28.035735,28.252624,27.065207,27.995543,27.999379,28.028555,27.014476,27.010149,27.032162,27.00097
7/21/2022 23:40:07.316,28.015852,28.01895,31.980755,31.99254,28.033751,28.003247,27.992462,28.239216,27.070862,28.049438,28.022212,27.993412,27.010165,27.01364,27.032408,27.011788
7/21/2022 23:45:08.756,27.999149,28.069812,32.029765,31.956676,28.005558,28.011131,28.005804,28.215252,27.050553,28.019032,28.027424,28.05152,27.007395,26.996954,27.02831,27.016066
7/21/2022 23:50:09.715,28.014459,28.045733,31.964478,32.014242,27.992954,28.014803,28.0368,28.191222,27.044718,28.003575,28.000035,28.011689,27.042653,27.02913,27.02018,27.015574
7/21/2022 23:55:10.047,28.003608,28.031293,31.979984,32.018406,28.04811,28.002624,27.985102,28.240282,27.033064,28.021081,28.009705,28.014541,27.048046,27.028196,27.009706,27.014837
7/22/2022 00:00:09.310,28.000379,28.001772,32.02765,31.977493,28.043422,28.029998,28.031998,28.225579,27.024639,28.001395,28.018835,28.030539,27.040129,27.030523,27.01364,27.007231
7/22/2022 00:05:07.720,28.011181,27.997035,31.97251,31.976952,28.014049,28.002313,28.015508,27.998281,27.011919,28.022917,28.007935,27.990233,27.034916,27.013247,27.007903,27.008821
7/22/2022 00:10:07.890,28.004313,28.056093,31.98859,32.024388,27.992036,28.022097,27.994806,27.969957,27.001101,28.00487,27.997412,28.057043,27.031113,27.007346,27.011411,27.006772
7/22/2022 00:15:07.501,28.013721,28.050684,32.018832,31.996638,28.045045,27.999166,28.02231,28.054322,27.015755,28.030424,28.031489,28.018196,27.020131,27.007198,27.027835,27.006723
7/22/2022 00:20:12.802,28.017786,28.029555,31.969642,31.957151,28.03862,28.020835,28.031227,28.061305,27.042669,28.019999,28.031965,27.996101,27.013706,27.022049,27.024081,27.010395
7/22/2022 00:25:07.420,28.007198,28.001051,31.997835,32.005784,28.017508,28.009427,28.005739,28.037292,27.036408,27.998412,28.007066,28.030096,27.002478,27.01723,27.027704,27.013607
7/22/2022 00:30:07.850,28.018589,27.99256,32.020618,32.017258,27.982398,28.012935,28.037489,28.017622,27.023918,28.030014,28.0041,27.999674,27.010395,27.000576,27.021656,27.015886
7/22/2022 00:35:08.214,28.000313,28.052487,31.962397,31.977247,28.038784,28.008919,28.003182,27.990364,27.023573,28.012885,28.038751,28.035128,27.01546,27.013444,27.020869,27.015181
7/22/2022 00:40:08.555,28.014066,28.056503,31.982525,31.977083,28.051946,28.002592,28.003395,28.042996,27.007297,28.009771,28.047291,27.997002,27.011132,27.028786,27.011542,27.010001
7/22/2022 00:45:08.870,28.024294,28.031981,32.023192,32.030535,28.033342,28.018393,28.035653,28.029719,26.9922,28.018622,28.009607,28.042816,27.001724,27.016968,27.01264,27.018541
7/22/2022 00:50:09.121,28.00169,28.00687,31.959643,31.985951,27.988544,27.996068,27.99792,28.013361,27.041817,27.993232,27.996445,28.005476,27.00892,27.016099,27.007444,27.011936
7/22/2022 00:55:06.659,28.003673,27.992183,31.993983,31.959479,28.017032,28.01659,28.005739,27.993101,27.066437,28.039816,28.025457,28.036882,27.006362,27.009755,27.005854,27.0111
7/22/2022 01:00:07.420,28.047733,28.043717,32.01893,31.996064,28.062223,27.992806,28.038997,28.038407,27.060749,28.018704,28.019835,28.013197,26.997413,27.0051,27.017082,27.012526
7/22/2022 01:05:07.104,28.0259,28.061961,31.963478,32.023749,28.037784,28.013098,27.994609,28.059617,27.044472,28.011607,27.989839,28.000264,27.018541,27.019984,27.011018,27.010788
7/22/2022 01:10:12.019,28.003477,28.044668,32.004047,31.975788,28.00287,28.000969,28.037603,28.0418,27.038407,28.040587,28.029555,28.037636,27.03826,27.011034,27.011509,27.016312
7/22/2022 01:15:11.788,28.014311,28.023441,32.006801,31.980034,27.991069,28.011935,27.991593,28.023572,27.021115,28.017852,28.033571,27.994953,27.023573,26.996741,27.011804,27.017066
7/22/2022 01:20:07.759,28.029899,28.001952,31.956479,32.025782,28.064206,27.998018,28.023802,28.000297,27.015492,28.002477,28.01877,28.030817,27.014771,27.020279,27.007067,27.010755
7/22/2022 01:25:07.736,28.006493,28.022835,32.015865,31.98895,28.049733,28.012181,28.026179,28.027113,26.997429,28.028982,28.002772,28.028293,27.01228,27.032884,27.009805,27.013329
7/22/2022 01:30:07.540,27.998871,28.049274,31.987328,31.966544,28.021622,28.006362,27.999903,28.051274,27.010624,28.003559,28.043258,27.992462,26.998118,27.0309,27.013853,27.011624
7/22/2022 01:35:08.677,28.03267,28.035866,31.956873,32.004309,27.989347,28.003214,28.035702,28.033194,27.033851,28.03144,28.043734,28.049569,27.016837,27.016181,27.014984,27.0111
7/22/2022 01:40:08.757,28.014016,28.006296,32.014373,32.019766,28.03703,28.023867,27.990675,28.007509,27.028278,28.024359,28.022163,28.011181,27.017722,26.99879,27.007444,27.01087
7/22/2022 01:45:07.256,28.004116,27.988315,31.9979,31.963134,28.052487,28.016393,28.022605,27.989806,27.015279,27.988643,27.993839,28.020737,27.012083,27.009592,27.001363,27.012362
7/22/2022 01:50:08.320,28.02113,28.048127,31.96792,31.968593,28.022736,27.999117,28.035915,28.028031,27.008395,28.023261,28.01877,28.047602,26.99956,27.008084,27.00433,27.011985
7/22/2022 01:55:08.068,28.019802,28.056601,32.023274,32.016865,27.998084,28.012361,27.990347,28.031326,27.00569,28.000789,28.054896,28.000215,27.025016,27.017295,27.005985,27.013001
7/22/2022 02:00:07.142,27.993658,28.041144,31.982886,31.993901,27.999412,28.005165,28.043848,28.011836,27.043358,28.032407,28.043111,28.049356,27.022196,27.013902,27.00892,27.006772
7/22/2022 02:05:10.815,28.031375,28.014016,31.978263,31.951464,28.065288,28.01164,27.988872,28.001821,27.059585,28.011131,28.018819,28.034325,27.007313,27.001019,27.006444,27.00356
7/22/2022 02:10:06.466,28.04634,28.001362,32.016193,31.983099,28.064338,28.006821,28.021868,28.029539,27.041784,28.012607,27.999133,28.00269,26.99997,27.007789,27.009739,27.016722
7/22/2022 02:15:06.921,28.012951,28.036046,31.979378,32.013619,28.026359,28.006132,28.033932,28.02731,27.035982,28.013197,28.026343,28.009328,27.016656,27.038571,27.014411,27.019967
7/22/2022 02:20:08.398,27.995576,28.055535,31.969691,31.978165,27.984873,28.006001,27.990101,28.00805,27.017787,27.999576,28.036407,28.01677,27.027753,27.033703,27.00892,27.02118
7/22/2022 02:25:06.675,28.022491,28.025441,32.014931,31.96579,28.0229,28.007837,28.036374,28.002805,27.014198,28.033112,28.019999,28.026015,27.023688,27.030638,27.00892,27.016214
7/22/2022 02:30:07.263,28.049585,28.00446,31.976067,32.01257,28.055093,28.015754,28.004067,28.027736,27.004314,28.01377,27.994314,27.988512,27.01387,27.021738,27.000527,27.013001
7/22/2022 02:35:11.081,28.020393,27.988266,31.981853,32.012587,28.02767,28.020376,28.016328,28.023687,27.056618,28.001149,28.018081,28.044488,27.009772,27.014738,27.008182,27.011067
7/22/2022 02:40:11.467,27.994412,28.056961,32.017111,31.967363,27.993953,27.996281,28.034046,27.999133,27.061257,28.024195,28.006903,28.008378,27.00015,27.002379,27.013067,27.014345
7/22/2022 02:45:08.731,28.023884,28.058601,31.959561,31.980345,28.016754,28.010427,28.000723,28.014,27.055963,27.995888,27.99792,28.018819,27.037473,27.000691,27.001593,27.011132
7/22/2022 02:50:08.485,28.013033,28.031948,31.995982,32.028896,28.048667,27.990724,28.014967,28.049815,27.045964,28.040767,28.026441,28.017983,27.051225,27.007821,26.999954,27.011739
7/22/2022 02:55:07.810,27.997461,28.009984,32.023766,32.003801,28.027539,28.01913,28.045193,28.021687,27.032949,28.025785,28.027703,27.997691,27.041784,27.005445,27.00333,27.002871
7/22/2022 03:00:08.801,28.009558,27.993265,31.95902,31.965658,27.989118,28.002542,27.995838,28.00128,27.02159,27.989282,27.997773,28.036554,27.025704,27.002363,27.003101,27.017443
7/22/2022 03:05:08.908,27.993675,28.045783,31.994917,32.003244,28.009312,28.020376,28.027392,28.015098,27.005182,28.023376,28.009509,28.005509,27.027114,27.018033,27.007657,27.026589
7/22/2022 03:10:08.454,28.017786,28.06719,32.01298,32.009505,28.044799,28.000412,28.014475,28.030637,26.996544,28.002641,28.042996,28.042373,27.011231,27.003805,27.012821,27.024196
7/22/2022 03:15:06.732,28.035554,28.038652,31.946727,31.962069,28.024802,28.008034,27.996281,28.011902,27.032818,28.020311,28.020425,28.005772,27.004707,27.008723,27.011395,27.016001
7/22/2022 03:20:12.740,27.995953,28.016344,32.007915,31.984082,27.990741,27.996084,28.037505,27.995314,27.045111,28.011492,27.997019,28.021671,27.010132,27.02277,27.00315,27.027474
7/22/2022 03:25:06.514,28.028326,27.996642,32.012423,32.030175,28.021737,28.011328,27.988003,28.032096,27.04221,28.00528,28.019917,28.032834,27.022639,27.01446,27.006871,27.02418
7/22/2022 03:30:12.900,28.035489,28.031014,31.966117,31.969068,28.066206,28.002674,28.014131,28.030244,27.035637,28.017393,28.02808,27.993511,27.020066,27.004805,27.015886,27.023196
7/22/2022 03:35:12.039,28.016213,28.059846,32.01162,31.976018,28.039357,28.016803,28.022605,28.018409,27.019361,28.000592,28.006755,28.049848,27.003953,27.000855,27.007002,27.023049
7/22/2022 03:40:10.000,27.99597,28.037177,32.001703,32.014013,28.008312,28.000936,28.006034,27.991642,27.008461,28.03703,28.001838,28.001444,27.007133,27.019328,27.001839,27.014198
7/22/2022 03:45:10.552,28.034194,28.01482,31.965511,32.005096,27.985922,28.024179,28.036981,28.046389,27.003625,28.01518,28.017786,28.023294,27.007346,27.026507,27.001527,27.017705
7/22/2022 03:50:10.090,28.025048,27.991019,32.014275,31.965331,28.0388,27.99933,28.001461,28.04493,27.025196,28.019212,28.00905,28.043685,27.00651,27.013198,27.007739,27.017918
7/22/2022 03:55:10.587,28.000936,28.048454,31.998589,31.994901,28.057519,28.013705,28.004936,28.018934,27.037227,28.036571,28.001461,28.000297,27.015689,27.003986,27.006297,27.01046
7/22/2022 04:00:08.187,28.000936,28.06283,31.970248,32.025208,28.024392,27.991757,28.039439,28.001805,27.041161,28.004919,28.040341,28.039833,27.035441,27.007051,27.004166,27.01264
7/22/2022 04:05:07.911,28.016885,28.031227,32.012374,31.973903,27.994855,28.017163,28.001559,28.019835,27.025557,28.015541,28.02313,28.023867,27.023049,27.03726,27.019639,27.012296
7/22/2022 04:10:11.604,27.993839,28.008066,32.015209,31.948612,28.02985,27.999559,28.034735,28.038226,27.014148,28.00982,28.011754,27.984135,27.017623,27.029786,27.018377,27.013476
7/22/2022 04:15:10.721,28.024359,28.000051,31.964331,32.014127,28.062043,28.019262,28.012312,28.021409,26.997855,28.009001,27.996756,28.049798,27.004527,27.02023,27.019574,27.004478
7/22/2022 04:20:07.536,28.017737,28.044389,32.010636,32.021028,28.043996,28.008673,28.004444,27.993593,27.000035,28.033571,28.039652,28.008132,27.000216,27.019312,27.014181,27.008379
7/22/2022 04:25:07.306,28.001329,28.048045,31.996212,31.972854,28.014803,28.004641,28.042406,28.018196,27.059733,28.009165,28.030473,28.024736,27.039883,27.00869,27.013067,27.004838
7/22/2022 04:30:07.266,28.019737,28.030522,31.972658,31.978231,27.984955,28.003559,27.996379,28.043963,27.07237,28.016409,28.0011,28.024835,27.038424,27.001298,27.005166,27.0051
7/22/2022 04:35:11.761,28.041668,28.006378,32.018848,32.026552,28.059764,28.012344,28.037276,28.036964,27.057225,28.007329,27.995806,27.990773,27.026212,27.012313,27.00751,27.008575
7/22/2022 04:40:12.176,28.019753,27.990724,31.989311,32.013472,28.05842,27.998887,28.007361,28.008312,27.052832,28.007312,28.038259,28.045078,27.011313,27.014935,27.025999,27.011427
7/22/2022 04:45:11.004,27.999067,28.05465,31.981165,31.953234,28.033473,28.01482,28.004804,27.999395,27.03944,28.036685,28.030735,27.998084,27.010542,26.996528,27.02577,27.02218
7/22/2022 04:50:05.603,28.025867,28.056306,32.022536,31.972903,28.00228,27.997019,28.044094,28.032915,27.024704,28.01159,28.005247,28.045094,27.001085,27.005854,27.020885,27.017132
7/22/2022 04:55:06.281,28.023687,28.032145,31.968789,32.019045,27.996396,28.02072,27.99774,28.024474,27.018492,28.000805,28.018131,28.003821,27.028999,27.010083,27.013575,27.014607
7/22/2022 05:00:08.570,27.995511,28.020081,31.991147,31.998523,28.068157,27.999625,28.011722,28.003083,27.002461,28.037095,28.028867,28.037521,27.033408,26.997757,27.01287,27.020721
7/22/2022 05:05:06.730,28.006411,27.9912,32.012062,31.959315,28.0497,28.017426,28.036325,27.999412,26.999527,28.012738,28.011935,28.024146,27.03272,27.026802,27.005969,27.015935
7/22/2022 05:10:06.881,28.034276,28.050585,31.954086,32.001867,28.024015,27.995773,27.996215,28.043029,27.053881,27.994576,27.996232,28.001018,27.022475,27.029769,27.00692,27.010837
7/22/2022 05:15:05.986,28.007329,28.061371,31.996572,32.024175,27.992019,28.019311,28.026031,28.037259,27.067518,28.018573,28.023212,28.039243,27.007756,27.024278,27.035883,27.01128
7/22/2022 05:20:06.334,27.99692,28.042127,32.017143,31.972363,28.029818,28.001788,28.023409,28.018639,27.059978,28.001625,28.047422,27.995396,27.008395,27.00374,27.039817,27.007493
7/22/2022 05:25:09.710,28.031752,28.015606,31.955938,31.97923,28.050225,28.014705,28.004722,27.992118,27.046685,28.04457,28.028883,28.033424,27.005117,27.013673,27.036555,27.002625
7/22/2022 05:30:09.671,28.018786,27.987004,31.99118,32.014603,28.029408,27.997117,28.029375,28.043767,27.04085,28.026113,27.995084,27.99156,27.016083,27.001806,27.029573,27.001412
7/22/2022 05:35:09.109,28.002116,28.037898,32.020717,32.008669,27.988495,28.030227,27.990495,28.035817,27.012821,28.005001,28.02749,28.044111,27.010821,27.040702,27.025835,27.019984
7/22/2022 05:40:10.492,28.020474,28.060764,31.9592,31.953496,28.020229,28.019557,28.02549,28.013852,27.010083,28.021638,28.051405,28.023999,27.001216,27.035523,27.019295,27.014116
7/22/2022 05:45:09.993,28.010984,28.042685,31.993327,31.966953,28.059797,27.990823,28.020802,27.994625,27.005641,28.005067,28.026605,27.993199,27.017607,27.02454,27.018476,27.013935
7/22/2022 05:50:10.142,27.995494,28.023212,32.012423,32.015144,28.036341,28.027851,27.995396,28.048586,27.026098,28.022556,28.009197,28.045815,27.031671,27.018803,27.012739,27.011378
7/22/2022 05:55:07.833,28.036161,27.991773,31.961479,32.013078,28.004165,27.999133,28.032752,28.040439,27.041309,28.006444,27.999985,28.008984,27.022934,27.001839,27.013591,27.010313
7/22/2022 06:00:05.973,28.029899,28.020835,32.000293,31.953693,27.987249,28.008148,28.013672,28.025064,27.041964,28.036259,28.02885,28.040931,27.011345,27.008444,27.018967,27.014263
7/22/2022 06:05:06.680,28.003001,28.055158,32.015947,31.97687,28.065075,27.999231,28.004362,28.001002,27.022098,28.03008,28.014508,28.039997,27.000281,27.001904,27.002101,27.011722
7/22/2022 06:10:06.916,28.006001,28.043635,31.965626,32.03242,28.067239,28.018803,28.040636,28.016721,27.003314,27.998395,27.993494,28.001706,27.030163,26.999642,27.012247,27.010886
7/22/2022 06:15:11.268,28.021524,28.022507,31.994376,31.989278,28.038538,27.995806,27.998822,28.052306,27.006805,28.034686,28.009574,28.032997,27.038702,27.027442,27.013657,27.008936
7/22/2022 06:20:06.729,28.00246,28.00587,32.016439,31.95979,28.005083,28.026179,28.010377,28.026195,27.008985,28.02013,28.030801,28.023081,27.030474,27.034703,27.001396,27.011395
7/22/2022 06:25:06.364,28.013623,28.009312,31.95766,32.000621,28.006853,28.008083,28.032145,28.004198,27.031933,27.998297,28.006607,27.991314,27.023147,27.023278,27.000429,27.011804
7/22/2022 06:30:10.775,28.017983,28.055585,32.007997,32.019487,28.062895,28.016606,27.988807,28.014295,27.042243,28.038439,27.998035,28.037931,27.014837,27.015706,27.004084,27.018295
7/22/2022 06:35:11.439,28.003477,28.041275,32.013226,31.963118,28.051864,28.006624,28.026457,28.040669,27.0359,28.027064,28.046012,28.000494,27.016263,27.01487,27.008297,27.023623
7/22/2022 06:40:11.063,28.019245,28.018901,31.958561,31.98582,28.018475,28.027736,28.038112,28.026277,27.023819,28.009197,28.031571,28.035931,27.010477,27.013509,27.011624,27.026212
7/22/2022 06:45:10.119,28.002723,28.001002,31.996654,32.031912,27.989888,28.017049,27.999772,28.000985,27.016755,28.019081,28.013115,28.017688,27.00851,27.003625,27.015001,27.026835
7/22/2022 06:50:09.716,28.003051,28.011689,32.014734,32.005375,28.04139,28.006034,28.033571,28.016426,27.011673,28.034374,27.994806,28.002444,27.002281,27.004674,27.023639,27.026524
7/22/2022 06:55:08.777,28.008017,28.050307,31.966609,31.963167,28.054191,28.004034,28.002215,28.045471,27.006805,28.006575,28.029736,28.049389,27.020623,27.022655,27.012952,27.026835
7/22/2022 07:00:09.566,27.992855,28.042111,32.013783,31.998752,28.029424,28.015,28.015721,28.026621,26.998527,28.023212,28.035063,28.010804,27.013411,27.007674,27.014378,27.034015
7/22/2022 07:05:07.306,28.004198,28.013475,32.001326,32.029175,28.002903,28.004575,28.037521,27.993216,27.010624,28.019294,28.010836,28.015688,27.014345,27.005281,27.007756,27.035965
7/22/2022 07:10:10.285,28.004739,27.994888,31.960364,31.980116,27.998609,28.02231,27.993068,28.027933,27.036162,28.006984,27.996871,28.039898,27.018885,27.009805,27.014476,27.03585
7/22/2022 07:15:08.379,28.004116,28.036751,32.00921,31.95743,28.058666,28.010394,28.038866,28.027146,27.027016,28.021901,28.031129,28.007345,27.01028,27.012099,27.013821,27.046374
7/22/2022 07:20:10.194,28.037276,28.051913,31.987967,32.00803,28.04911,27.997756,28.002805,28.013721,27.026458,28.007443,28.029441,28.015836,27.000527,27.018181,27.006641,27.043194
7/22/2022 07:25:08.077,28.016311,28.035489,31.967986,32.031125,28.020556,28.018589,28.016426,28.005821,27.018459,28.016426,28.001362,28.041423,27.007231,27.024409,27.008215,27.04398
7/22/2022 07:30:08.631,27.995199,28.006624,32.022569,31.980902,27.995593,27.990216,28.038833,28.037325,27.021295,28.004444,28.005624,28.016147,27.009149,27.02318,27.01164,27.041948
7/22/2022 07:35:06.922,28.014443,27.990773,31.988164,31.974379,28.03044,28.015115,27.9991,28.024671,27.013771,28.023097,28.02649,28.00941,27.013509,27.022475,27.009444,27.053176
7/22/2022 07:40:09.956,28.024736,28.051716,31.966117,32.026241,28.055814,27.99574,28.035604,27.996314,27.008821,28.007509,28.019114,28.034948,27.008674,27.01546,27.01882,27.054225
7/22/2022 07:45:10.186,28.001608,28.053798,32.023798,32.025765,28.039456,28.022769,27.991019,28.035128,27.006084,28.007165,27.994462,28.006607,27.012067,27.01705,27.015427,27.062093
7/22/2022 07:50:10.965,28.005378,28.028932,31.983328,31.96479,28.022982,27.997576,28.021638,28.045045,27.01918,28.026687,28.016688,28.022245,27.010395,27.016804,27.010624,27.065174
7/22/2022 07:55:10.250,28.031063,28.002526,31.976903,31.985771,27.985463,28.026064,28.008247,28.025998,27.017033,28.014049,28.048684,28.039111,27.010051,27.017279,27.020393,27.072665
7/22/2022 08:00:10.557,28.019589,28.001739,32.028191,32.032666,28.032834,28.013787,27.999395,27.99792,27.013148,28.008411,28.037554,28.002657,27.00851,27.011788,27.015509,27.067633
7/22/2022 08:05:10.554,27.991954,28.051323,31.979394,31.978886,28.044275,28.017245,28.02908,28.023441,27.003412,28.016147,28.018999,28.043127,27.00356,27.022164,27.010903,27.078648
7/22/2022 08:10:07.379,28.013869,28.037948,31.970461,31.975018,28.027621,28.014557,28.027375,28.053011,27.008657,28.010017,27.995986,28.02649,27.017836,27.020967,27.019476,27.086827
7/22/2022 08:15:06.818,28.02867,28.024228,32.02352,32.016701,28.001133,27.999395,27.999526,28.033325,27.013296,28.019737,28.017245,28.003542,27.018836,27.017246,27.021705,27.082467
7/22/2022 08:20:10.944,28.004116,27.992429,31.979394,32.011439,27.997543,28.016131,28.050405,28.006984,27.012198,28.023032,28.037702,28.047913,27.018197,27.015427,27.03272,27.095138
7/22/2022 08:25:10.429,28.010623,28.02708,31.972789,31.965724,28.063387,27.998641,28.001411,27.998953,27.007854,28.001362,28.022458,28.030539,27.013345,27.016837,27.029818,27.098104
7/22/2022 08:30:11.542,28.012967,28.050323,32.023946,31.977149,28.052126,28.014574,28.037226,28.048799,27.010526,28.013689,28.006984,28.009132,27.011673,27.023803,27.034457,27.101071
7/22/2022 08:35:11.185,27.994953,28.036538,31.978181,32.03796,28.035931,28.003706,27.988053,28.045307,27.013394,28.021343,28.007116,28.005165,27.018787,27.029376,27.036736,27.104136
7/22/2022 08:40:11.068,28.021655,28.005935,31.973494,31.998015,28.011508,28.003542,28.033292,28.012525,27.01646,28.003378,28.01123,28.02354,27.014148,27.017738,27.036817,27.113512
7/22/2022 08:45:10.573,28.04021,27.996199,32.024077,31.965708,27.987987,28.019294,28.003378,27.994937,27.008247,28.027769,28.016967,27.997609,27.027196,27.022852,27.032097,27.120151
7/22/2022 08:50:10.914,28.011902,28.054486,31.979903,32.005227,28.051339,27.998559,28.017147,28.038702,27.010132,28.029621,27.997051,28.054437,27.018508,27.034736,27.036932,27.128887
7/22/2022 08:55:09.315,27.987643,28.05365,31.970871,32.025864,28.052274,28.005591,28.012476,28.037259,27.01323,28.026375,28.027949,28.015688,27.018017,27.023295,27.029146,27.131821
7/22/2022 09:00:10.758,28.030981,28.028031,32.036174,31.977739,28.043635,27.993134,28.026851,28.018032,27.010805,28.005214,28.020196,27.993871,27.032441,27.026573,27.059601,27.135264
7/22/2022 09:05:10.851,28.032243,28.011738,31.968625,31.969035,28.020819,28.014688,28.00623,27.994855,27.013657,28.015524,27.999576,28.041324,27.026507,27.032441,27.050029,27.15113
7/22/2022 09:10:08.124,28.004116,27.992036,31.979804,32.022077,27.993757,28.004821,27.999953,28.045422,27.025737,28.004706,28.009591,28.018557,27.032179,27.034867,27.054291,27.149868
7/22/2022 09:15:06.930,28.004936,28.061551,32.023175,32.020913,28.028883,28.001329,28.020704,28.047274,27.017099,28.035735,28.016426,28.00033,27.031998,27.034506,27.050275,27.157539
7/22/2022 09:20:11.377,28.031719,28.053913,31.96197,31.968002,28.062125,28.005509,28.017754,28.017131,27.020082,28.037194,27.994035,28.023392,27.03072,27.038571,27.064273,27.164309
7/22/2022 09:25:11.619,28.010886,28.039128,31.993901,31.992704,28.053634,28.002116,28.005132,27.991773,27.01205,28.026965,28.012951,27.996871,27.036703,27.043653,27.058503,27.17098
7/22/2022 09:30:12.335,27.997166,28.01123,32.00921,32.022323,28.015688,27.999641,28.046979,28.027982,27.028032,28.013639,28.015918,28.045274,27.034326,27.04816,27.063634,27.173078
7/22/2022 09:35:06.660,28.040587,27.99633,31.962921,31.983312,27.993003,28.019098,27.989118,28.028228,27.020984,28.006673,28.006099,28.018934,27.042751,27.045816,27.059716,27.178963
7/22/2022 09:40:07.701,28.026687,28.048684,31.998998,31.958561,28.024507,27.996756,28.029244,28.003805,27.02359,28.019688,27.99951,27.99274,27.04162,27.04621,27.072501,27.190453
7/22/2022 09:45:06.026,27.992396,28.051503,32.016553,32.021405,28.055847,28.028031,27.992085,27.997953,27.020721,27.998199,28.010148,28.022048,27.044603,27.059274,27.087303,27.193158
7/22/2022 09:50:06.553,28.01718,28.030752,31.966281,32.035207,28.042111,28.017967,28.020097,28.049012,27.024147,28.030719,28.005395,27.998756,27.046964,27.050783,27.07655,27.188683
7/22/2022 09:55:10.037,28.012246,28.001182,32.014865,31.977018,28.020786,27.999641,28.023163,28.045012,27.024901,28.024638,27.999592,28.03803,27.04044,27.054733,27.073829,27.149245
7/22/2022 10:00:10.381,27.996183,28.001706,32.013292,31.972526,28.000018,28.017442,28.02295,28.018163,27.029622,28.018622,28.035161,28.026933,27.051914,27.0567,27.086975,27.128904
7/22/2022 10:05:10.867,28.039915,28.058568,31.337037,32.047943,28.021097,28.005099,28.018278,27.99338,27.030572,28.007116,28.039275,28.004198,27.049701,27.058208,27.088106,27.132248
7/22/2022 10:10:10.267,28.031948,28.05247,30.383884,31.988098,28.064583,27.9991,28.011,28.01895,27.028212,28.014803,28.026195,28.030719,27.05093,27.060847,27.095367,27.13469
7/22/2022 10:15:10.684,27.996609,28.034948,29.538881,31.974575,28.053962,28.000608,28.041996,28.028752,27.034998,28.001264,27.992642,28.025375,27.057438,27.054684,27.095433,27.14382
7/22/2022 10:20:10.278,28.016852,28.010361,28.790438,32.031617,28.049503,28.008329,28.024785,28.015049,27.040866,28.018245,28.015016,28.00269,27.05652,27.063421,27.093662,27.150655
7/22/2022 10:25:09.437,28.037013,27.996592,28.072599,31.969953,28.022392,28.000264,27.999067,27.993806,27.035342,28.013721,28.017835,28.02731,27.061322,27.061617,27.103563,27.166866
7/22/2022 10:30:11.429,28.00805,28.024081,27.854808,31.986066,27.92293,28.01477,28.01618,28.031817,27.047423,28.009181,28.014328,28.017557,27.071977,27.070502,27.115823,27.167013
7/22/2022 10:35:09.914,27.982561,28.052716,27.975857,32.059023,25.18598,28.009263,27.998445,28.018557,27.058388,28.00787,28.00033,27.999838,27.07037,27.070223,27.118053,27.183765