Species,ID,Colony,Treatment,Random_Tank,Bw_initial_raw_mass,bw_initial_date,bw_initial_time,bw_initial_salinity (ppt),bw_initial_temp,bw_final_raw_mass,bw_final_date,bw_final_time,bw_final_salinity,bw_final_temp,SWrho_initial,CalcMAir_initial,SWrho_final,CalcMAir_final,percent_change
Acropora cervicornis,1,MB-B,control,6,4.255,2022-03-15T00:00:00Z,1899-12-31T10:06:00Z,35.5,28,4.8376,2022-04-21T00:00:00Z,1899-12-31T02:18:00Z,36.4,28.2,1.0226895265037685,6.53650791165995,1.023297182003828,7.433863246133019,13.728359953062244
Acropora cervicornis,6,MB-B,control,6,6.3487,2022-03-15T00:00:00Z,1899-12-31T09:52:00Z,35.5,28.1,7.0062,2022-04-21T00:00:00Z,1899-12-31T02:32:00Z,36.2,28.5,1.0226567056370548,9.752670667612033,1.0230481527418906,10.76491051911783,10.379104206475231
Acropora cervicornis,7,MB-B,control,7,3.0799,2022-03-15T00:00:00Z,1899-12-31T11:35:00Z,35.5,28.1,3.4054,2022-04-21T00:00:00Z,1899-12-31T03:02:00Z,36.3,28.1,1.0226567056370548,4.7312442530247605,1.0232553361457744,5.232909360727507,10.60323840566937
Acropora cervicornis,8,SI-C,variable,8,5.3761,2022-03-12T00:00:00Z,1899-12-31T10:56:00Z,33.9,25.6,5.6833,2022-04-21T00:00:00Z,1899-12-31T03:24:00Z,36.3,27.9,1.0222533289664752,8.25684732631002,1.023321089289348,8.73354653814967,5.773380480473126
Acropora cervicornis,12,SI-C,control,7,8.705,2022-03-15T00:00:00Z,1899-12-31T10:49:00Z,35.5,27.5,9.1,2022-04-21T00:00:00Z,1899-12-31T02:47:00Z,36.3,28.2,1.022852518660174,13.37371663678655,1.0232223491226076,13.983276963484013,4.557897727702475
Acropora cervicornis,13,MB-B,variable,8,5.4378,2022-03-12T00:00:00Z,1899-12-31T10:26:00Z,33.9,25.7,6.0251,2022-04-21T00:00:00Z,1899-12-31T03:35:00Z,36.2,28,1.0222225188316498,8.351473983350802,1.023213397079873,9.258268845063563,10.857902012513177
Acropora cervicornis,23,SI-C,control,7,6.4069,2022-03-15T00:00:00Z,1899-12-31T11:13:00Z,35.7,28.2,6.6349,2022-04-21T00:00:00Z,1899-12-31T03:03:00Z,36.3,28.1,1.0227734246558062,9.842677971605031,1.0232553361457744,10.195521911520212,3.5848367784976167
Acropora cervicornis,24,MB-B,variable,5,6.6184,2022-03-09T00:00:00Z,1899-12-31T11:01:00Z,33.8,25.2,7.2551,2022-04-21T00:00:00Z,1899-12-31T02:04:00Z,36.4,28.3,1.022300680979201,10.1650778016494,1.0232641100244664,11.148603805990543,9.675538382810563
Acropora cervicornis,25,MB-B,control,7,4.6538,2022-03-15T00:00:00Z,1899-12-31T11:19:00Z,35.6,28.2,5.0819,2022-04-21T00:00:00Z,1899-12-31T02:49:00Z,36.3,28.2,1.022698616055292,7.149176378092164,1.0232223491226076,7.808968703376857,9.22892778679445
Acropora cervicornis,26,BC-8b,control,6,4.8472,2022-03-15T00:00:00Z,1899-12-31T09:18:00Z,35.7,27.6,5.26,2022-04-21T00:00:00Z,1899-12-31T02:29:00Z,36.1,28.6,1.0229698222508439,7.4473367887459405,1.022940103881022,8.081445177135896,8.514565761926995
Acropora cervicornis,27,BC-8b,variable,5,7.1494,2022-03-09T00:00:00Z,1899-12-31T10:02:00Z,34,25.5,7.8173,2022-04-21T00:00:00Z,1899-12-31T01:59:00Z,36.5,28.3,1.0223591368412865,10.98096733224422,1.02333893488439,12.012984068886507,9.398231552988058
Acropora cervicornis,28,MB-B,variable,5,4.6164,2022-03-09T00:00:00Z,1899-12-31T10:17:00Z,33.7,25.6,5.1744,2022-04-21T00:00:00Z,1899-12-31T02:06:00Z,36.4,28.3,1.022103213262581,7.089509293178326,1.0232641100244664,7.951280552124364,12.155584022934455
Acropora cervicornis,32,BC-8b,variable,8,4.1677,2022-03-12T00:00:00Z,1899-12-31T10:48:00Z,33.8,25.7,4.5143,2022-04-21T00:00:00Z,1899-12-31T03:36:00Z,36.2,27.9,1.0221474718249375,6.40057909071235,1.0232462252041143,6.936867871897049,8.37875407184466
Acropora cervicornis,33,MB-B,control,7,3.8982,2022-03-15T00:00:00Z,1899-12-31T10:52:00Z,35.5,27.5,4.2893,2022-04-21T00:00:00Z,1899-12-31T03:13:00Z,36.1,28.2,1.022852518660174,5.988905478865173,1.0230726937598493,6.590523382235988,10.045540132398518
Acropora cervicornis,35,MB-B,control,6,4.507,2022-03-15T00:00:00Z,1899-12-31T10:13:00Z,35.2,27.9,5.1111,2022-04-21T00:00:00Z,1899-12-31T02:16:00Z,36.4,28.2,1.0224977745142552,6.922932945274662,1.023297182003828,7.854146361276352,13.451140193944841
Acropora cervicornis,39,MB-B,control,7,5.2533,2022-03-15T00:00:00Z,1899-12-31T11:32:00Z,35.5,28.2,5.7309,2022-04-21T00:00:00Z,1899-12-31T03:17:00Z,36.2,28.1,1.0226238109263377,8.069812912719316,1.0231804952054604,8.806044283572238,9.123276819621227
Acropora cervicornis,40,BC-8b,variable,5,7.3016,2022-03-09T00:00:00Z,1899-12-31T10:55:00Z,33.8,25.3,7.9163,2022-04-21T00:00:00Z,1899-12-31T01:57:00Z,36.4,28.2,1.0222701951967776,11.21421280211466,1.023297182003828,12.164852740070039,8.477099148467346
Acropora cervicornis,46,SI-C,control,6,4.3032,2022-03-15T00:00:00Z,1899-12-31T10:17:00Z,35.5,27.9,4.644,2022-04-21T00:00:00Z,1899-12-31T02:19:00Z,36.4,28.1,1.0227222733974162,6.610665989613995,1.023330180548443,7.136484702901499,7.954095912781203
Acropora cervicornis,48,SI-C,control,6,5.058,2022-03-15T00:00:00Z,1899-12-31T09:46:00Z,35.5,28.2,5.4149,2022-04-21T00:00:00Z,1899-12-31T02:38:00Z,36.3,28.3,1.0226238109263377,7.769804449114708,1.0231892886338,8.32052017823652,7.087896905623688
Acropora cervicornis,53,MB-B,control,6,6.3006,2022-03-15T00:00:00Z,1899-12-31T09:36:00Z,35.6,28,7.0026,2022-04-21T00:00:00Z,1899-12-31T02:36:00Z,36.3,28.3,1.022764354769848,9.679327274618068,1.0231892886338,10.760175552663773,11.166564032605809
Acropora cervicornis,54,MB-B,variable,8,4.1233,2022-03-12T00:00:00Z,1899-12-31T10:28:00Z,33.9,25.8,4.5929,2022-04-21T00:00:00Z,1899-12-31T03:22:00Z,36.3,27.9,1.022191631117481,6.332538003843903,1.023321089289348,7.057925130657826,11.454919439466552
Acropora cervicornis,60,BC-8b,variable,8,7.8957,2022-03-12T00:00:00Z,1899-12-31T11:00:00Z,33.9,25.5,8.4115,2022-04-21T00:00:00Z,1899-12-31T03:29:00Z,36.3,27.8,1.0222840613873163,12.126753533769627,1.023353855156835,12.926202938420586,6.592443743700368
Acropora cervicornis,70,BC-8b,control,7,5.4682,2022-03-15T00:00:00Z,1899-12-31T10:54:00Z,35.5,27.5,5.8187,2022-04-21T00:00:00Z,1899-12-31T02:57:00Z,36.3,28.1,1.022852518660174,8.400937083661828,1.0232553361457744,8.941307833812514,6.4322675526472
Acropora cervicornis,73,MB-B,variable,5,4.4333,2022-03-09T00:00:00Z,1899-12-31T10:11:00Z,34,25.7,5.1196,2022-04-21T00:00:00Z,1899-12-31T01:54:00Z,36.4,28.4,1.022297569204227,6.809012134340874,1.0232309647364894,7.8669349683072545,15.537097204318465
Acropora cervicornis,75,MB-B,control,7,4.4983,2022-03-15T00:00:00Z,1899-12-31T11:34:00Z,35.5,28.2,4.9123,2022-04-21T00:00:00Z,1899-12-31T02:55:00Z,36.3,28.2,1.0226238109263377,6.910025969444978,1.0232223491226076,7.548357299749727,9.237755880040787
Acropora cervicornis,76,BC-8b,variable,8,4.9393,2022-03-12T00:00:00Z,1899-12-31T10:32:00Z,33.9,25.6,5.2972,2022-04-21T00:00:00Z,1899-12-31T03:40:00Z,36.3,27.8,1.0222533289664752,7.585990959774387,1.023353855156835,8.140365238709093,7.307868963650771
Acropora cervicornis,80,BC-8b,control,6,6.492,2022-03-15T00:00:00Z,1899-12-31T10:08:00Z,35.5,28,7.056,2022-04-21T00:00:00Z,1899-12-31T02:41:00Z,36.3,28.3,1.0226895265037685,9.97297517332465,1.0231892886338,10.842229843143343,8.71610181226304
Acropora cervicornis,81,BC-8b,control,7,3.876,2022-03-15T00:00:00Z,1899-12-31T11:02:00Z,35.5,27.4,4.1436,2022-04-21T00:00:00Z,1899-12-31T02:51:00Z,36.3,28.2,1.0228848937525836,5.9549001330843945,1.0232223491226076,6.3671545522958635,6.922944297941368
Acropora cervicornis,84,BC-8b,control,7,5.3348,2022-03-15T00:00:00Z,1899-12-31T11:30:00Z,35.5,28.2,5.5864,2022-04-21T00:00:00Z,1899-12-31T02:48:00Z,36.3,28.2,1.0226238109263377,8.195008456927075,1.0232223491226076,8.584195431737044,4.749073498282926
Acropora cervicornis,85,BC-8b,control,6,6.0061,2022-03-15T00:00:00Z,1899-12-31T09:55:00Z,35.5,28.2,6.4638,2022-04-21T00:00:00Z,1899-12-31T02:31:00Z,36.2,28.5,1.0226238109263377,9.226220344370867,1.0230481527418906,9.931521882543151,7.644533859443374
Acropora cervicornis,86,SI-C,control,7,4.3628,2022-03-15T00:00:00Z,1899-12-31T11:36:00Z,35.5,28.1,4.6621,2022-04-21T00:00:00Z,1899-12-31T03:06:00Z,36.3,28,1.0226567056370548,6.701994359263751,1.0232882495768405,7.164141615516044,6.89566763978987
Acropora cervicornis,88,MB-B,variable,5,4.925,2022-03-09T00:00:00Z,1899-12-31T10:04:00Z,34,25.6,5.5681,2022-04-21T00:00:00Z,1899-12-31T02:05:00Z,36.4,28.2,1.0223283918597073,7.564326028874241,1.023297182003828,8.556411018024075,13.11531239350191
Acropora cervicornis,90,MB-B,control,6,3.0182,2022-03-15T00:00:00Z,1899-12-31T09:51:00Z,35.5,28.2,3.4702,2022-04-21T00:00:00Z,1899-12-31T02:17:00Z,36.4,28.2,1.0226238109263377,4.636382718133257,1.023297182003828,5.332601338831405,15.016418251564573
Acropora cervicornis,92,BC-8b,control,7,6.5543,2022-03-15T00:00:00Z,1899-12-31T11:27:00Z,35.5,28.2,6.9208,2022-04-21T00:00:00Z,1899-12-31T03:00:00Z,36,28.1,1.0226238109263377,10.068333195103307,1.0230308237152916,10.633598199792047,5.614285837934471
Acropora cervicornis,93,SI-C,control,6,4.4685,2022-03-15T00:00:00Z,1899-12-31T10:04:00Z,35.5,28.1,4.9069,2022-04-21T00:00:00Z,1899-12-31T02:42:00Z,36.3,28.3,1.0226567056370548,6.864367331615034,1.0231892886338,7.5399288006406,9.841569315705915
Acropora cervicornis,94,MB-B,variable,8,4.4583,2022-03-12T00:00:00Z,1899-12-31T10:27:00Z,33.9,25.7,4.3528,2022-04-21T00:00:00Z,1899-12-31T03:27:00Z,36.3,27.9,1.0222225188316498,6.8471397366532205,1.023321089289348,6.688962639884906,-2.3101193031242135
Acropora cervicornis,99,BC-8b,variable,5,4.9072,2022-03-09T00:00:00Z,1899-12-31T10:24:00Z,33.7,25.6,5.3986,2022-04-21T00:00:00Z,1899-12-31T02:09:00Z,36.4,28.2,1.022103213262581,7.536097392661961,1.023297182003828,8.29594305452574,10.082747372713817
Acropora cervicornis,100,MB-B,control,7,3.8767,2022-03-15T00:00:00Z,1899-12-31T11:10:00Z,35.6,28.2,4.2668,2022-04-21T00:00:00Z,1899-12-31T03:07:00Z,36.3,27.9,1.022698616055292,5.955393885631074,1.023321089289348,6.556806145897104,10.098614328719588
Acropora cervicornis,103,MB-B,variable,8,3.7153,2022-03-12T00:00:00Z,1899-12-31T10:25:00Z,33.9,25.9,4.2524,2022-04-21T00:00:00Z,1899-12-31T03:31:00Z,36.2,27.9,1.0221606659585452,5.70584157993016,1.0232462252041143,6.534421048325323,14.521599606088342
Acropora cervicornis,104,BC-8b,control,7,4.7309,2022-03-15T00:00:00Z,1899-12-31T10:47:00Z,35.5,27.5,5.0433,2022-04-21T00:00:00Z,1899-12-31T02:45:00Z,36.3,28.2,1.022852518660174,7.268204024925157,1.0232223491226076,7.749655023070211,6.624071042777476
Acropora cervicornis,107,SI-C,variable,5,6.4836,2022-03-09T00:00:00Z,1899-12-31T10:47:00Z,33.7,25.3,6.9447,2022-04-21T00:00:00Z,1899-12-31T02:11:00Z,36.4,28.2,1.0221951011910186,9.957489894202261,1.023297182003828,10.67181041950967,7.173700730776752
Acropora cervicornis,111,MB-B,variable,5,4.7704,2022-03-09T00:00:00Z,1899-12-31T10:58:00Z,33.8,25.3,5.4076,2022-04-21T00:00:00Z,1899-12-31T02:02:00Z,36.4,28.2,1.0222701951967776,7.326651795662291,1.023297182003828,8.309773211879634,13.418426910903495
Acropora cervicornis,118,BC-8b,control,6,7.3332,2022-03-15T00:00:00Z,1899-12-31T09:37:00Z,35.6,28.2,7.826,2022-04-21T00:00:00Z,1899-12-31T02:20:00Z,36.4,28.1,1.022698616055292,11.265275735060694,1.023330180548443,12.026298295630303,6.755472111535571
Acropora cervicornis,125,BC-8b,variable,8,9.0297,2022-03-12T00:00:00Z,1899-12-31T11:02:00Z,33.9,25.6,9.5638,2022-04-21T00:00:00Z,1899-12-31T03:30:00Z,36.2,27.9,1.0222533289664752,13.868204516728033,1.0232462252041143,14.696147122089581,5.97007784506546
Acropora cervicornis,128,BC-8b,control,7,5.087,2022-03-15T00:00:00Z,1899-12-31T11:28:00Z,35.5,28.2,5.35,2022-04-21T00:00:00Z,1899-12-31T03:14:00Z,36.2,28.1,1.0226238109263377,7.814352556869617,1.0231804952054604,8.220757109199509,5.200745031302959
Acropora cervicornis,129,MB-B,variable,5,3.4003,2022-03-09T00:00:00Z,1899-12-31T11:03:00Z,33.8,25.2,4.1311,2022-04-21T00:00:00Z,1899-12-31T01:56:00Z,36.4,28.2,1.022300680979201,5.222457701098219,1.023297182003828,6.348195893852347,21.55571681351099
Acropora cervicornis,130,BC-8b,variable,8,5.4633,2022-03-12T00:00:00Z,1899-12-31T10:20:00Z,33.9,25.9,5.8965,2022-04-21T00:00:00Z,1899-12-31T03:25:00Z,36.3,27.9,1.0221606659585452,8.390365328138358,1.023321089289348,9.06117170696594,7.9949603216671745
Acropora cervicornis,131,SI-C,variable,8,5.096,2022-03-12T00:00:00Z,1899-12-31T11:04:00Z,33.9,25.5,5.4105,2022-04-21T00:00:00Z,1899-12-31T03:42:00Z,36.2,27.9,1.0222840613873163,7.826783693414139,1.0232462252041143,8.31400740334027,6.225082090055788
Acropora cervicornis,132,MB-B,variable,5,3.5965,2022-03-09T00:00:00Z,1899-12-31T10:40:00Z,33.6,25.4,4.0818,2022-04-21T00:00:00Z,1899-12-31T02:07:00Z,36.4,28.2,1.0220894718984117,5.523186147772496,1.023297182003828,6.272437365236018,13.565561569307153
Acropora cervicornis,133,MB-B,control,6,4.9257,2022-03-15T00:00:00Z,1899-12-31T09:58:00Z,35.5,28.1,5.4811,2022-04-21T00:00:00Z,1899-12-31T02:33:00Z,36.3,28.4,1.0226567056370548,7.566703405020963,1.023156154805815,8.422096565733497,11.304700540329483
Acropora cervicornis,134,BC-8b,variable,5,6.532,2022-03-09T00:00:00Z,1899-12-31T11:02:00Z,33.8,25.2,7.2138,2022-04-21T00:00:00Z,1899-12-31T02:12:00Z,36.4,28.2,1.022300680979201,10.032377644200091,1.023297182003828,11.085332124391098,10.495562642617823
Acropora cervicornis,138,BC-8b,control,6,5.1033,2022-03-15T00:00:00Z,1899-12-31T09:30:00Z,35.7,27.8,5.4243,2022-04-21T00:00:00Z,1899-12-31T02:39:00Z,36.3,28.3,1.0229046527070944,7.840546106530594,1.0231892886338,8.334964191916445,6.3059138823766014
Acropora cervicornis,140,MB-B,control,6,3.9805,2022-03-15T00:00:00Z,1899-12-31T10:07:00Z,35.5,28,4.5315,2022-04-21T00:00:00Z,1899-12-31T02:30:00Z,36.2,28.6,1.0226895265037685,6.114822501142757,1.0230148840185123,6.962453397632544,13.861905171104787
Acropora cervicornis,147,BC-8b,variable,5,5.4624,2022-03-09T00:00:00Z,1899-12-31T10:22:00Z,33.7,25.6,6.0803,2022-04-21T00:00:00Z,1899-12-31T01:51:00Z,36.4,28.3,1.022103213262581,8.388730517948463,1.0232641100244664,9.343338578594961,11.3796486679841
Acropora cervicornis,148,BC-8b,control,6,3.6813,2022-03-15T00:00:00Z,1899-12-31T10:21:00Z,35.5,27.9,4.0382,2022-04-21T00:00:00Z,1899-12-31T02:22:00Z,36.4,28.1,1.0227222733974162,5.655290181159601,1.023330180548443,6.205545333173306,9.729918967674909
Acropora cervicornis,149,SI-C,variable,5,4.493,2022-03-09T00:00:00Z,1899-12-31T10:35:00Z,33.8,25.4,4.9392,2022-04-21T00:00:00Z,1899-12-31T01:58:00Z,36.4,28.2,1.0222396312550286,6.90049453572637,1.023297182003828,7.589990355816977,9.991976901377667
Pseudodiploria clivosa,2,B,variable,2,5.6615,2022-03-17T00:00:00Z,1899-12-31T04:30:00Z,35.4,27.8,5.832,2022-04-21T00:00:00Z,1899-12-31T12:01:00Z,36.8,28.1,1.0226800981139443,8.69712258735241,1.023629592764422,8.963504644818164,3.062875736086934
Pseudodiploria clivosa,5,A,control,1,7.4694,2022-03-16T00:00:00Z,1899-12-31T03:22:00Z,35.3,27.7,7.767,2022-04-21T00:00:00Z,1899-12-31T11:08:00Z,36.3,28,1.0226378286809725,11.474140742167123,1.0232882495768405,11.935369882180375,4.019727057366908
Pseudodiploria clivosa,7,A,control,1,3.7652,2022-03-16T00:00:00Z,1899-12-31T02:58:00Z,35.3,27.9,3.941,2022-04-21T00:00:00Z,1899-12-31T10:59:00Z,36.1,28,1.0225726040140029,5.783725253824019,1.0231385480421413,6.055568425353637,4.700139781879913
Pseudodiploria clivosa,12,B,control,1,7.5642,2022-03-16T00:00:00Z,1899-12-31T03:26:00Z,35.3,27.7,7.7646,2022-04-21T00:00:00Z,1899-12-31T11:03:00Z,36.2,27.9,1.0226378286809725,11.619768040525416,1.0232462252041143,11.931418886235258,2.682074587228592
Pseudodiploria clivosa,13,A,control,1,4.4397,2022-03-16T00:00:00Z,1899-12-31T03:24:00Z,35.3,27.7,4.6669,2022-04-21T00:00:00Z,1899-12-31T11:20:00Z,36.3,28.2,1.0226378286809725,6.820058191153155,1.0232223491226076,7.171269808888301,5.149686525999597
Pseudodiploria clivosa,14,B,variable,3,8.8589,2022-03-18T00:00:00Z,1899-12-31T09:37:00Z,35.2,26.5,9.0321,2022-04-21T00:00:00Z,1899-12-31T12:45:00Z,36.6,28.4,1.0229478926890634,13.610837847844865,1.0233805950161192,13.880092131037413,1.9782344496535331
Pseudodiploria clivosa,16,A,control,4,4.9493,2022-03-18T00:00:00Z,1899-12-31T10:13:00Z,35.1,27.4,5.285,2022-04-21T00:00:00Z,1899-12-31T01:14:00Z,36.5,28.3,1.0225853343289966,7.602672487001446,1.02333893488439,8.121553580400546,6.824982850257571
Pseudodiploria clivosa,17,C,control,1,3.5028,2022-03-16T00:00:00Z,1899-12-31T02:15:00Z,35.4,28.2,3.9849,2022-04-21T00:00:00Z,1899-12-31T11:06:00Z,36.3,28,1.0225490092695653,5.380585949455946,1.0232882495768405,6.123503983970719,13.807381602925467
Pseudodiploria clivosa,19,A,variable,2,6.0342,2022-03-17T00:00:00Z,1899-12-31T03:45:00Z,35.5,28.3,6.341,2022-04-21T00:00:00Z,1899-12-31T11:50:00Z,36.2,27.8,1.0225908425006873,9.269225708856004,1.0232789794513943,9.744021175501793,5.122277540314505
Pseudodiploria clivosa,21,A,variable,2,5.6475,2022-03-17T00:00:00Z,1899-12-31T04:00:00Z,35.5,28.1,5.8176,2022-04-21T00:00:00Z,1899-12-31T11:42:00Z,36.1,28.1,1.0226567056370548,8.675509568153945,1.0231056577283582,8.938915818321629,3.0362049410284233
Pseudodiploria clivosa,22,C,variable,2,7.5301,2022-03-17T00:00:00Z,1899-12-31T03:43:00Z,35.5,28.3,8.0407,2022-04-21T00:00:00Z,NA,36.2,28.1,1.0225908425006873,11.567100280112788,1.0231804952054604,12.355260128587009,6.81380665324824
Pseudodiploria clivosa,23,C,variable,3,11.5207,2022-03-18T00:00:00Z,1899-12-31T09:05:00Z,35.2,26.7,12.0683,2022-04-21T00:00:00Z,1899-12-31T12:58:00Z,36.6,28.4,1.0228844940118533,17.69984612573844,1.0233805950161192,18.545976668216564,4.78044010364426
Pseudodiploria clivosa,27,B,control,4,3.7882,2022-03-18T00:00:00Z,1899-12-31T10:44:00Z,35.2,27.9,3.8994,2022-04-21T00:00:00Z,1899-12-31T01:27:00Z,36.5,28.3,1.0224977745142552,5.818827287173169,1.02333893488439,5.9922773947803,2.980843029822829
Pseudodiploria clivosa,30,A,control,1,4.8434,2022-03-16T00:00:00Z,1899-12-31T02:54:00Z,35.3,28,5.0732,2022-04-21T00:00:00Z,1899-12-31T10:42:00Z,36.1,28.1,1.0225398803652224,7.439821076163411,1.0231056577283582,7.795123028312241,4.775678722801397
Pseudodiploria clivosa,31,C,variable,2,8.9449,2022-03-17T00:00:00Z,1899-12-31T03:57:00Z,35.5,28.1,9.3768,2022-04-21T00:00:00Z,1899-12-31T12:05:00Z,37,28.4,1.0226567056370548,13.740870391532578,1.0236798972219534,14.412072746839625,4.884714986618725
Pseudodiploria clivosa,32,B,control,1,8.3464,2022-03-16T00:00:00Z,1899-12-31T02:39:00Z,35.3,28.1,8.5181,2022-04-21T00:00:00Z,1899-12-31T11:10:00Z,36.3,28.1,1.0225070826791747,12.820468048892295,1.0232553361457744,13.089341993778403,2.0972240940091047
Pseudodiploria clivosa,34,A,control,4,6.4236,2022-03-18T00:00:00Z,1899-12-31T10:48:00Z,35.2,27.9,6.7378,2022-04-21T00:00:00Z,1899-12-31T01:39:00Z,36.4,28.4,1.0224977745142552,9.866907492182454,1.0232309647364894,10.353510905043484,4.931670974381437
Pseudodiploria clivosa,36,C,control,4,9.4801,2022-03-18T00:00:00Z,1899-12-31T11:00:00Z,35.2,27.9,9.9186,2022-04-21T00:00:00Z,1899-12-31T01:21:00Z,36.5,28.3,1.0224977745142552,14.561814203349973,1.02333893488439,15.24208918496894,4.671636185705952
Pseudodiploria clivosa,44,C,control,4,5.6028,2022-03-18T00:00:00Z,1899-12-31T10:57:00Z,35.2,27.9,6.0148,2022-04-21T00:00:00Z,1899-12-31T01:44:00Z,36.4,28.4,1.0224977745142552,8.606125739024824,1.0232309647364894,9.24252684728777,7.39474564468841
Pseudodiploria clivosa,46,C,control,1,5.8583,2022-03-16T00:00:00Z,1899-12-31T02:56:00Z,35.3,28,6.2503,2022-04-21T00:00:00Z,1899-12-31T11:24:00Z,36.2,28.2,1.0225398803652224,8.99878263420079,1.023147519707664,9.603983102663722,6.725359340971371
Pseudodiploria clivosa,48,C,variable,2,5.4308,2022-03-17T00:00:00Z,1899-12-31T04:36:00Z,35.4,27.8,5.8386,2022-04-21T00:00:00Z,1899-12-31T11:30:00Z,36.2,28.2,1.0226800981139443,8.342724251063052,1.023147519707664,8.971379892679135,7.535376007854727
Pseudodiploria clivosa,51,C,variable,2,6.2912,2022-03-17T00:00:00Z,1899-12-31T03:49:00Z,35.5,28.2,6.7506,2022-04-21T00:00:00Z,1899-12-31T11:38:00Z,36.2,28,1.0226238109263377,9.664174327851018,1.023213397079873,10.373084208641531,7.335441774342972
Pseudodiploria clivosa,53,A,variable,2,5.1579,2022-03-17T00:00:00Z,1899-12-31T04:07:00Z,35.5,28,5.364,2022-04-21T00:00:00Z,NA,36.2,28.1,1.0226895265037685,7.923537992373878,1.0231804952054604,8.242269370793677,4.022589135390866
Pseudodiploria clivosa,54,A,control,4,9.0654,2022-03-18T00:00:00Z,1899-12-31T10:22:00Z,35.1,27.2,9.3834,2022-04-21T00:00:00Z,1899-12-31T01:23:00Z,36.5,28.3,1.0226497653964275,13.92592798014394,1.02333893488439,14.419637817659503,3.5452562889849064
Pseudodiploria clivosa,59,B,variable,3,8.6899,2022-03-18T00:00:00Z,1899-12-31T09:35:00Z,35.2,26.5,8.8315,2022-04-21T00:00:00Z,1899-12-31T12:42:00Z,36.6,28.4,1.0229478926890634,13.351185792139779,1.0233805950161192,13.571819804392879,1.6525424459525822
Pseudodiploria clivosa,61,A,control,1,8.6556,2022-03-16T00:00:00Z,1899-12-31T02:04:00Z,35.4,28.3,8.9469,2022-04-21T00:00:00Z,1899-12-31T10:55:00Z,36.2,28,1.0225160523690926,13.295476500076562,1.023213397079873,13.74795530860885,3.403253794850315
Pseudodiploria clivosa,62,C,variable,2,7.0013,2022-03-17T00:00:00Z,1899-12-31T03:35:00Z,35.5,28.3,7.4007,2022-04-21T00:00:00Z,1899-12-31T11:48:00Z,36.2,27.9,1.0225908425006873,10.754802617648327,1.0232462252041143,11.372234468145335,5.7409872821265875
Pseudodiploria clivosa,63,C,variable,3,7.4639,2022-03-18T00:00:00Z,1899-12-31T08:52:00Z,35.2,26.8,7.9163,2022-04-21T00:00:00Z,1899-12-31T12:31:00Z,36.7,28.4,1.022852680967612,11.466983584202394,1.0234554153632256,12.165862360055403,6.094704598826029
Pseudodiploria clivosa,65,B,variable,2,5.6601,2022-03-17T00:00:00Z,1899-12-31T04:37:00Z,35.4,27.8,5.7878,2022-04-21T00:00:00Z,1899-12-31T11:39:00Z,36.1,28.2,1.0226800981139443,8.69497192558039,1.0230726937598493,8.892973499569965,2.2771962426590457
Pseudodiploria clivosa,68,C,control,1,5.6662,2022-03-16T00:00:00Z,1899-12-31T02:25:00Z,35.3,28.2,6.0518,2022-04-21T00:00:00Z,1899-12-31T10:46:00Z,36.1,28.1,1.0224742110855618,8.703403170998847,1.0231056577283582,9.29877109964914,6.840633680330432
Pseudodiploria clivosa,72,C,control,1,5.8712,2022-03-16T00:00:00Z,1899-12-31T02:36:00Z,35.3,28.1,6.3614,2022-04-21T00:00:00Z,1899-12-31T11:18:00Z,36.2,28.1,1.0225070826791747,9.018442922536238,1.0231804952054604,9.774864350366684,8.3874947629842
Pseudodiploria clivosa,73,B,control,4,5.1801,2022-03-18T00:00:00Z,1899-12-31T10:51:00Z,35.2,27.9,5.746,2022-04-21T00:00:00Z,1899-12-31T01:29:00Z,36.5,28.3,1.0224977745142552,7.9568415686304155,1.02333893488439,8.82998048684608,10.973436013329541
Pseudodiploria clivosa,74,C,variable,2,7.0264,2022-03-17T00:00:00Z,1899-12-31T04:17:00Z,35.4,27.9,7.0954,2022-04-21T00:00:00Z,1899-12-31T12:12:00Z,36.9,28.4,1.0226474369752447,10.79367936431834,1.023605066467161,10.905149627875826,1.0327364728470934
Pseudodiploria clivosa,78,B,variable,2,10.9923,2022-03-17T00:00:00Z,1899-12-31T04:03:00Z,35.5,28,11.1855,2022-04-21T00:00:00Z,1899-12-31T11:52:00Z,36.2,27.8,1.0226895265037685,16.886311613945868,1.0232789794513943,17.18841647351763,1.7890517863135027
Pseudodiploria clivosa,80,C,control,4,4.4558,2022-03-18T00:00:00Z,1899-12-31T10:29:00Z,35.1,27.2,4.8039,2022-04-21T00:00:00Z,1899-12-31T01:12:00Z,36.5,28.4,1.0226497653964275,6.844833089982282,1.023305778140227,7.3821102716045095,7.849383243669697
Pseudodiploria clivosa,82,C,control,1,6.9144,2022-03-16T00:00:00Z,1899-12-31T03:11:00Z,35.3,27.9,7.4927,2022-04-21T00:00:00Z,1899-12-31T10:40:00Z,36.1,28.1,1.0225726040140029,10.621212656709018,1.0231056577283582,11.512756901804606,8.393996748878136
Pseudodiploria clivosa,84,B,control,4,5.4327,2022-03-18T00:00:00Z,1899-12-31T10:59:00Z,35.2,27.9,5.5669,2022-04-21T00:00:00Z,1899-12-31T01:41:00Z,36.4,28.4,1.0224977745142552,8.344845309916497,1.0232309647364894,8.55426991856193,2.5096284097269694
Pseudodiploria clivosa,85,B,variable,2,4.6809,2022-03-17T00:00:00Z,1899-12-31T04:13:00Z,35.5,28,4.8416,2022-04-21T00:00:00Z,1899-12-31T11:27:00Z,36.2,28.1,1.0226895265037685,7.190773180655478,1.0231804952054604,7.439554695308476,3.459732471082058
Pseudodiploria clivosa,87,A,variable,3,5.6749,2022-03-18T00:00:00Z,1899-12-31T08:56:00Z,35.2,26.8,5.962,2022-04-21T00:00:00Z,1899-12-31T12:52:00Z,36.5,28.4,1.022852680967612,8.718496381515049,1.023305778140227,9.161752209518534,5.084085702475898
Pseudodiploria clivosa,88,B,variable,3,6.8328,2022-03-18T00:00:00Z,1899-12-31T09:30:00Z,35.2,26.6,6.9975,2022-04-21T00:00:00Z,1899-12-31T12:17:00Z,36.8,28.4,1.0229162312957476,10.497758057897185,1.0235302391805736,10.75426184110451,2.4434148871850225
Pseudodiploria clivosa,89,B,control,4,9.067,2022-03-18T00:00:00Z,1899-12-31T10:33:00Z,35,27.3,9.3002,2022-04-21T00:00:00Z,1899-12-31T01:16:00Z,36.5,28.3,1.0225426942799585,13.927603999488497,1.02333893488439,14.291782896583,2.614799337401303
Pseudodiploria clivosa,92,B,variable,3,9.7905,2022-03-18T00:00:00Z,1899-12-31T09:24:00Z,35.2,26.5,9.9769,2022-04-21T00:00:00Z,1899-12-31T12:29:00Z,36.8,28.4,1.0229478926890634,15.042150599885442,1.0235302391805736,15.333218286890403,1.9350137805905097
Pseudodiploria clivosa,93,B,control,1,4.1982,2022-03-16T00:00:00Z,1899-12-31T02:10:00Z,35.4,28.2,4.4716,2022-04-21T00:00:00Z,1899-12-31T11:21:00Z,36.3,28.1,1.0225490092695653,6.44877695929141,1.0232553361457744,6.871286044937192,6.551770797981002
Pseudodiploria clivosa,95,C,control,1,5.1371,2022-03-16T00:00:00Z,1899-12-31T02:43:00Z,35.3,28,5.6845,2022-04-21T00:00:00Z,1899-12-31T11:02:00Z,36.2,28,1.0225398803652224,7.89096602600633,1.023213397079873,8.734897221583678,10.694903422419964
Pseudodiploria clivosa,97,A,control,1,8.6235,2022-03-16T00:00:00Z,1899-12-31T02:33:00Z,35.3,28.1,8.9379,2022-04-21T00:00:00Z,1899-12-31T11:13:00Z,36.3,28.1,1.0225070826791747,13.246106850812652,1.0232553361457744,13.734427842616546,3.6865246317557476
Pseudodiploria clivosa,98,A,variable,3,7.4001,2022-03-18T00:00:00Z,1899-12-31T09:34:00Z,35.1,26.6,7.5882,2022-04-21T00:00:00Z,1899-12-31T12:20:00Z,36.7,28.4,1.022841250958847,11.368897849170152,1.0234554153632256,11.661634445457146,2.5748898457062155
Pseudodiploria clivosa,99,B,variable,2,5.4498,2022-03-17T00:00:00Z,1899-12-31T04:44:00Z,35.4,27.7,5.6802,2022-04-21T00:00:00Z,NA,36.2,28.2,1.0227126849887511,8.372054841619823,1.023147519707664,8.727988227725145,4.251445945335641
Pseudodiploria clivosa,100,A,variable,3,3.1145,2022-03-18T00:00:00Z,1899-12-31T09:45:00Z,35.2,26.5,3.3352,2022-04-21T00:00:00Z,1899-12-31T12:38:00Z,36.7,28.4,1.0229478926890634,4.785126198186324,1.0234554153632256,5.1255743394334194,7.114716041891081
Pseudodiploria clivosa,106,C,variable,2,9.0656,2022-03-17T00:00:00Z,1899-12-31T04:42:00Z,35.4,27.7,9.6875,2022-04-21T00:00:00Z,1899-12-31T12:08:00Z,37.1,28.4,1.0227126849887511,13.92669462589245,1.023754731443886,14.890200892931134,6.9184131118042655
Pseudodiploria clivosa,108,B,variable,2,6.7353,2022-03-17T00:00:00Z,1899-12-31T04:45:00Z,35.4,27.7,6.8859,2022-04-21T00:00:00Z,NA,36.2,28.1,1.0227126849887511,10.346856944247861,1.0231804952054604,10.58080586509101,2.261062679263277
Pseudodiploria clivosa,113,B,variable,3,5.0489,2022-03-18T00:00:00Z,1899-12-31T09:48:00Z,35.2,26.4,5.0358,2022-04-21T00:00:00Z,1899-12-31T12:36:00Z,36.7,28.4,1.0229794780615273,7.75727205335092,1.0234554153632256,7.739076294830539,-0.23456388270565032
Pseudodiploria clivosa,116,A,control,4,5.6447,2022-03-18T00:00:00Z,1899-12-31T10:04:00Z,35,27.7,5.8911,2022-04-21T00:00:00Z,1899-12-31T01:19:00Z,36.5,28.3,1.0224132804796875,8.670101773490506,1.02333893488439,9.052958239829263,4.415824362170339
Pseudodiploria clivosa,117,A,variable,3,6.0109,2022-03-18T00:00:00Z,1899-12-31T09:25:00Z,35.1,26.6,6.2472,2022-04-21T00:00:00Z,1899-12-31T01:02:00Z,36.6,28.5,1.022841250958847,9.234646569854037,1.023347353697377,9.600225838458648,3.958779210869022
Pseudodiploria clivosa,118,B,variable,3,7.6856,2022-03-18T00:00:00Z,1899-12-31T09:11:00Z,35.2,26.6,7.8253,2022-04-21T00:00:00Z,1899-12-31T12:50:00Z,36.5,28.3,1.0229162312957476,11.807980524788464,1.02333893488439,12.025277811297709,1.8402578328535808
Pseudodiploria clivosa,122,B,control,1,4.8715,2022-03-16T00:00:00Z,1899-12-31T02:49:00Z,35.2,28,4.9689,2022-04-21T00:00:00Z,1899-12-31T11:01:00Z,36.2,27.9,1.0224650624939118,7.48269125736757,1.0232462252041143,7.635425817661486,2.041171485507051
Pseudodiploria clivosa,125,A,variable,3,3.5175,2022-03-18T00:00:00Z,1899-12-31T09:15:00Z,35.2,26.6,3.6075,2022-04-21T00:00:00Z,1899-12-31T12:55:00Z,36.6,28.3,1.0229162312957476,5.40420676276978,1.0234137632126588,5.543927044082069,2.585398513521692
Pseudodiploria clivosa,129,B,control,1,11.8868,2022-03-16T00:00:00Z,1899-12-31T03:01:00Z,35.3,27.9,12.119,2022-04-21T00:00:00Z,1899-12-31T10:39:00Z,36.1,28.1,1.0225726040140029,18.259318322308335,1.0231056577283582,18.621204758360808,1.9819274173578403
Pseudodiploria clivosa,131,C,control,4,7.2307,2022-03-18T00:00:00Z,1899-12-31T10:41:00Z,35.2,27.9,7.5822,2022-04-21T00:00:00Z,1899-12-31T01:10:00Z,36.5,28.3,1.0224977745142552,11.106645495317839,1.02333893488439,11.651701713777298,4.907478308272603
Pseudodiploria clivosa,133,B,control,1,8.2633,2022-03-16T00:00:00Z,1899-12-31T02:06:00Z,35.4,28.3,8.4353,2022-04-21T00:00:00Z,1899-12-31T11:19:00Z,36.3,28,1.0225160523690926,12.692882176057426,1.0232882495768405,12.962331088857487,2.122834743619721
Pseudodiploria clivosa,134,C,control,4,7.1614,2022-03-18T00:00:00Z,1899-12-31T10:25:00Z,35.1,27.2,7.578,2022-04-21T00:00:00Z,1899-12-31T01:35:00Z,36.4,28.4,1.0226497653964275,11.001074485075433,1.0232309647364894,11.644588090833732,5.849552301743975
Pseudodiploria clivosa,136,C,variable,3,4.6232,2022-03-18T00:00:00Z,1899-12-31T09:47:00Z,35.2,26.4,5.0325,2022-04-21T00:00:00Z,1899-12-31T12:23:00Z,36.8,28.4,1.0229794780615273,7.103214592693848,1.0235302391805736,7.734308355178056,8.884621944736573
Pseudodiploria clivosa,139,B,control,1,8.2496,2022-03-16T00:00:00Z,1899-12-31T03:06:00Z,35.3,27.9,8.4715,2022-04-21T00:00:00Z,1899-12-31T11:23:00Z,36.2,28.1,1.0225726040140029,12.67221392062749,1.0231804952054604,13.017223149641804,2.7225647481591007
Pseudodiploria clivosa,141,A,variable,2,4.555,2022-03-17T00:00:00Z,1899-12-31T04:01:00Z,35.5,28.1,4.7342,2022-04-21T00:00:00Z,NA,36.2,28.2,1.0226567056370548,6.9972458756868035,1.023147519707664,7.274399117583251,3.9608904248951298
Pseudodiploria clivosa,142,A,control,1,7.0851,2022-03-16T00:00:00Z,1899-12-31T03:16:00Z,35.3,27.8,7.4345,2022-04-21T00:00:00Z,1899-12-31T10:45:00Z,36.1,28.1,1.0226052534958177,10.883611291289922,1.0231056577283582,11.423330866905967,4.959011868128543
Pseudodiploria clivosa,145,C,variable,2,8.4669,2022-03-17T00:00:00Z,1899-12-31T04:33:00Z,35.4,27.8,9.0085,2022-04-21T00:00:00Z,1899-12-31T11:57:00Z,36.3,27.8,1.0226800981139443,13.006741541085248,1.023353855156835,13.843630645040937,6.434271806756159
Pseudodiploria clivosa,147,C,control,4,4.5133,2022-03-18T00:00:00Z,1899-12-31T10:21:00Z,35.1,27.3,4.7872,2022-04-21T00:00:00Z,1899-12-31T01:06:00Z,36.6,28.4,1.022617587369742,6.9330454723886765,1.0233805950161192,7.356736201957719,6.11117771052302
Pseudodiploria clivosa,149,B,variable,3,9.9045,2022-03-18T00:00:00Z,1899-12-31T09:38:00Z,35.2,26.5,10.1218,2022-04-21T00:00:00Z,1899-12-31T12:48:00Z,36.6,28.3,1.0229478926890634,15.21730050728414,1.0234137632126588,15.554960708188464,2.218923131226162
Pseudodiploria clivosa,150,A,variable,3,8.5102,2022-03-18T00:00:00Z,1899-12-31T09:03:00Z,35.2,26.7,8.7879,2022-04-21T00:00:00Z,1899-12-31T12:26:00Z,36.8,28.4,1.0228844940118533,13.074659569232708,1.0235302391805736,13.505877475304372,3.298119570825432
