Date (Folder Name),Image #,Coral Position,Image J Points,Mean,X,Y
Initial (march 8-9),3768,1,1,113,1132,1655
Initial (march 8-9),3768,1,2,109,1151.5,1711.167
Initial (march 8-9),3768,1,3,108,1152.167,1813.833
Initial (march 8-9),3768,1,4,107,1070.833,1981.833
Initial (march 8-9),3768,2,5,132,1554,1698
Initial (march 8-9),3768,2,6,136,1525.5,1751
Initial (march 8-9),3768,2,7,134,1486,1802.5
Initial (march 8-9),3768,2,8,133,1582,1973
Initial (march 8-9),3768,3,9,110,2192.167,1614.833
Initial (march 8-9),3768,3,10,108,2164.833,1721.5
Initial (march 8-9),3768,3,11,104,2192.833,1924.167
Initial (march 8-9),3768,3,12,93,2147.5,2101.5
Initial (march 8-9),3768,4,13,130,2545.833,2213.167
Initial (march 8-9),3768,4,14,131,2569.167,2078.5
Initial (march 8-9),3768,4,15,120,2523.833,1918.5
Initial (march 8-9),3768,4,16,121,2491.167,2012.5
Initial (march 8-9),3768,5,17,130,3090.5,1721.5
Initial (march 8-9),3768,5,18,134,3075.5,1807.5
Initial (march 8-9),3768,5,19,119,3080.5,2019.5
Initial (march 8-9),3768,5,20,125,3103.5,2166.5
Initial (march 8-9),3770,1,1,103,1042,1922
Initial (march 8-9),3770,1,2,95,1079.5,1947.5
Initial (march 8-9),3770,1,3,91,1087.5,1887.5
Initial (march 8-9),3770,1,4,90,1107.5,1916.5
Initial (march 8-9),3770,2,5,134,1619.833,1972.833
Initial (march 8-9),3770,2,6,128,1645.167,2021.5
Initial (march 8-9),3770,2,7,136,1657.167,2062.167
Initial (march 8-9),3770,2,8,140,1673.167,1988.833
Initial (march 8-9),3770,3,9,118,2126.5,1949.5
Initial (march 8-9),3770,3,10,103,2148.5,1965.5
Initial (march 8-9),3770,3,11,116,2067.833,1821.5
Initial (march 8-9),3770,3,12,105,2153.167,2082.833
Initial (march 8-9),3770,4,13,112,2621.5,2062.5
Initial (march 8-9),3770,4,14,110,2620.5,1997.5
Initial (march 8-9),3770,4,15,108,2608.5,1900.5
Initial (march 8-9),3770,4,16,128,2569.5,1609.5
Initial (march 8-9),3770,5,17,101,3069.5,2003.5
Initial (march 8-9),3770,5,18,86,3024.5,2134.5
Initial (march 8-9),3770,5,19,97,3024.5,1831.5
Initial (march 8-9),3770,5,20,113,2989.5,1707.5
Initial (march 8-9),3771,1,1,93,1111,2071
Initial (march 8-9),3771,1,2,98,1097.5,1948.167
Initial (march 8-9),3771,1,3,99,1105.5,1894.833
Initial (march 8-9),3771,1,4,93,1109.5,1830.833
Initial (march 8-9),3771,2,5,110,1669.167,2051.167
Initial (march 8-9),3771,2,6,110,1658.5,1923.167
Initial (march 8-9),3771,2,7,112,1686.5,1859.167
Initial (march 8-9),3771,2,8,135,1699.833,1692.5
Initial (march 8-9),3771,3,9,111,2086.5,2202.5
Initial (march 8-9),3771,3,10,119,2119.5,2088.5
Initial (march 8-9),3771,3,11,117,2133.5,1915.5
Initial (march 8-9),3771,3,12,114,2111.5,1783.5
Initial (march 8-9),3771,4,13,92,2624.167,2215.167
Initial (march 8-9),3771,4,14,108,2616.167,2043.167
Initial (march 8-9),3771,4,15,111,2621.5,1969.833
Initial (march 8-9),3771,4,16,112,2586.833,1799.167
Initial (march 8-9),3771,5,17,86,3122.5,2103.5
Initial (march 8-9),3771,5,18,88,3169.5,2022.5
Initial (march 8-9),3771,5,19,97,3166.5,1964.5
Initial (march 8-9),3771,5,20,119,3171.5,1811.5
Initial (march 8-9),3772,1,1,97,1145,1924
Initial (march 8-9),3772,1,2,97,1166.5,1867.5
Initial (march 8-9),3772,1,3,94,1121.5,2078.5
Initial (march 8-9),3772,1,4,91,1186.5,1701.5
Initial (march 8-9),3772,2,5,86,1681.5,2060.5
Initial (march 8-9),3772,2,6,96,1677.5,1881.5
Initial (march 8-9),3772,2,7,103,1666.5,1802.5
Initial (march 8-9),3772,2,8,117,1726.5,1658.5
Initial (march 8-9),3772,3,9,95,2151.5,2048.5
Initial (march 8-9),3772,3,10,98,2135.5,1985.5
Initial (march 8-9),3772,3,11,107,2154.5,1856.5
Initial (march 8-9),3772,3,12,112,2155.5,1742.5
Initial (march 8-9),3772,4,13,89,2605.5,2090.5
Initial (march 8-9),3772,4,14,94,2626.5,2027.5
Initial (march 8-9),3772,4,15,96,2662.5,1897.5
Initial (march 8-9),3772,4,16,108,2674.5,1779.5
Initial (march 8-9),3772,5,17,82,3075.5,2053.5
Initial (march 8-9),3772,5,18,85,3023.5,2033.5
Initial (march 8-9),3772,5,19,93,3038.5,1889.5
Initial (march 8-9),3772,5,20,93,3024.5,1751.5
Initial (march 8-9),3773,1,1,110,1174,2186
Initial (march 8-9),3773,1,2,103,1188.833,2109.833
Initial (march 8-9),3773,1,3,109,1227.5,2044.5
Initial (march 8-9),3773,1,4,104,1228.833,1861.833
Initial (march 8-9),3773,2,5,107,1694.5,2140.5
Initial (march 8-9),3773,2,6,108,1719.5,2045.5
Initial (march 8-9),3773,2,7,116,1749.5,1968.5
Initial (march 8-9),3773,2,8,124,1737.5,1800.5
Initial (march 8-9),3773,3,9,90,2203.167,2227.833
Initial (march 8-9),3773,3,10,89,2167.167,2027.833
Initial (march 8-9),3773,3,11,110,2088.5,1779.833
Initial (march 8-9),3773,3,12,115,2047.167,1759.833
Initial (march 8-9),3773,4,13,111,2628.5,1574.5
Initial (march 8-9),3773,4,14,113,2606.5,1677.5
Initial (march 8-9),3773,4,15,98,2649.5,1828.5
Initial (march 8-9),3773,4,16,107,2608.5,1918.5
Initial (march 8-9),3773,5,17,91,3179.5,2140.5
Initial (march 8-9),3773,5,18,97,3198.5,2043.5
Initial (march 8-9),3773,5,19,96,3181.5,1992.5
Initial (march 8-9),3773,5,20,95,3213.5,1758.5
Initial (march 8-9),3775,1,1,84,1380,2172
Initial (march 8-9),3775,1,2,94,1383.5,2106.5
Initial (march 8-9),3775,1,3,96,1407.5,1806.5
Initial (march 8-9),3775,1,4,96,1428.833,1745.167
Initial (march 8-9),3775,2,5,76,1956.167,2194.833
Initial (march 8-9),3775,2,6,85,1944.167,2092.167
Initial (march 8-9),3775,2,7,90,1961.5,1972.167
Initial (march 8-9),3775,2,8,101,1949.5,1730.833
Initial (march 8-9),3775,3,9,65,2411.833,2191.5
Initial (march 8-9),3775,3,10,66,2405.167,2060.833
Initial (march 8-9),3775,3,11,74,2415.833,1927.5
Initial (march 8-9),3775,3,12,100,2440.5,1803.5
Initial (march 8-9),3775,4,13,67,2884.167,2150.5
Initial (march 8-9),3775,4,14,74,2798.833,1991.833
Initial (march 8-9),3775,4,15,95,2722.833,1798.5
Initial (march 8-9),3775,4,16,97,2713.5,1679.833
Initial (march 8-9),3775,5,17,42,3426.5,2189.5
Initial (march 8-9),3775,5,18,44,3423.5,2066.5
Initial (march 8-9),3775,5,19,49,3391.5,1988.5
Initial (march 8-9),3775,5,20,51,3389.5,1923.5
Initial (march 8-9),3778,1,1,27,1387,2120
Initial (march 8-9),3778,1,2,46,1388.167,1865.5
Initial (march 8-9),3778,1,3,55,1340.167,1702.833
Initial (march 8-9),3778,1,4,71,1361.5,1586.833
Initial (march 8-9),3778,2,5,61,1843.833,2066.5
Initial (march 8-9),3778,2,6,54,1823.167,1927.5
Initial (march 8-9),3778,2,7,59,1788.5,1880.833
Initial (march 8-9),3778,2,8,67,1739.167,1807.5
Initial (march 8-9),3778,3,9,52,2342.5,2073.167
Initial (march 8-9),3778,3,10,55,2334.5,1961.167
Initial (march 8-9),3778,3,11,50,2338.5,1891.5
Initial (march 8-9),3778,3,12,50,2331.5,2022.5
Initial (march 8-9),3778,4,13,37,2891.5,2204.5
Initial (march 8-9),3778,4,14,44,2925.5,2138.5
Initial (march 8-9),3778,4,15,41,2927.5,1991.5
Initial (march 8-9),3778,4,16,57,2897.5,1880.5
Initial (march 8-9),3778,5,17,46,3385.5,2126.167
Initial (march 8-9),3778,5,18,39,3428.167,2105.5
Initial (march 8-9),3778,5,19,68,3496.167,2053.5
Initial (march 8-9),3778,5,20,49,3440.5,1984.5
Initial (march 8-9),3779,1,1,54,1083,2202
Initial (march 8-9),3779,1,2,48,1098.5,2056.5
Initial (march 8-9),3779,1,3,61,1050.5,1932.5
Initial (march 8-9),3779,1,4,48,1069.5,1820.5
Initial (march 8-9),3779,2,5,36,1638.5,2171.5
Initial (march 8-9),3779,2,6,43,1629.5,2083.5
Initial (march 8-9),3779,2,7,45,1620.5,1922.5
Initial (march 8-9),3779,2,8,49,1626.5,1794.5
Initial (march 8-9),3779,3,9,45,2065.5,2084.5
Initial (march 8-9),3779,3,10,48,2117.5,1976.5
Initial (march 8-9),3779,3,11,46,2103.5,1926.5
Initial (march 8-9),3779,3,12,57,2108.5,1727.5
Initial (march 8-9),3779,4,13,50,2625.167,2184.833
Initial (march 8-9),3779,4,14,55,2585.167,2086.833
Initial (march 8-9),3779,4,15,50,2599.167,1957.5
Initial (march 8-9),3779,4,16,51,2647.833,1836.833
Initial (march 8-9),3779,5,17,48,3189.5,2101.5
Initial (march 8-9),3779,5,18,60,3176.5,2013.5
Initial (march 8-9),3779,5,19,65,3148.5,1923.5
Initial (march 8-9),3779,5,20,68,3105.5,1716.5
Initial (march 8-9),3780,1,1,73,1428,1911
Initial (march 8-9),3780,1,2,65,1367.5,2152.5
Initial (march 8-9),3780,1,3,75,1448.5,1809.5
Initial (march 8-9),3780,1,4,96,1480.5,1683.5
Initial (march 8-9),3780,2,5,61,1802.5,2123.167
Initial (march 8-9),3780,2,6,67,1859.833,2003.167
Initial (march 8-9),3780,2,7,79,1799.833,1876.5
Initial (march 8-9),3780,2,8,89,1801.167,1834.5
Initial (march 8-9),3780,3,9,58,2443.5,2146.167
Initial (march 8-9),3780,3,10,80,2414.833,2000.833
Initial (march 8-9),3780,3,11,90,2388.167,1912.833
Initial (march 8-9),3780,3,12,90,2336.833,1653.5
Initial (march 8-9),3780,4,13,54,2917.5,2111.833
Initial (march 8-9),3780,4,14,57,2892.167,2066.5
Initial (march 8-9),3780,4,15,51,2902.833,2035.167
Initial (march 8-9),3780,4,16,63,2905.5,1885.167
Initial (march 8-9),3780,5,17,75,3489.5,2108.167
Initial (march 8-9),3780,5,18,48,3440.833,1970.167
Initial (march 8-9),3780,5,19,61,3469.5,1830.833
Initial (march 8-9),3780,5,20,58,3515.5,1703.5
Initial (march 8-9),3781,1,1,77,1311,2216
Initial (march 8-9),3781,1,2,60,1281.167,2038.833
Initial (march 8-9),3781,1,3,37,1330.5,1863.5
Initial (march 8-9),3781,1,4,60,1344.5,1774.833
Initial (march 8-9),3781,2,5,37,1749.833,2071.5
Initial (march 8-9),3781,2,6,30,1800.5,1961.5
Initial (march 8-9),3781,2,7,49,1772.5,1820.833
Initial (march 8-9),3781,2,8,79,1765.167,1672.167
Initial (march 8-9),3781,3,9,60,2303.167,2216.833
Initial (march 8-9),3781,3,10,59,2286.5,2094.833
Initial (march 8-9),3781,3,11,65,2256.5,1949.5
Initial (march 8-9),3781,3,12,57,2270.5,1884.833
Initial (march 8-9),3781,4,13,46,2826.167,2104.833
Initial (march 8-9),3781,4,14,75,2772.833,1959.5
Initial (march 8-9),3781,4,15,59,2794.167,1884.833
Initial (march 8-9),3781,4,16,58,2831.5,1778.167
Initial (march 8-9),3781,5,17,36,3341.5,2158.5
Initial (march 8-9),3781,5,18,41,3354.5,1968.5
Initial (march 8-9),3781,5,19,49,3371.5,1918.5
Initial (march 8-9),3781,5,20,36,3379.5,1862.5
Initial (march 8-9),3782,1,1,69,1263,2160
Initial (march 8-9),3782,1,2,71,1270.5,1915.5
Initial (march 8-9),3782,1,3,86,1248.5,1773.5
Initial (march 8-9),3782,1,4,83,1256.5,1737.5
Initial (march 8-9),3782,2,5,82,1692.5,2215.5
Initial (march 8-9),3782,2,6,45,1743.167,2107.5
Initial (march 8-9),3782,2,7,55,1704.5,2036.833
Initial (march 8-9),3782,2,8,89,1699.167,1842.167
Initial (march 8-9),3782,3,9,66,2221.833,2246.833
Initial (march 8-9),3782,3,10,49,2261.167,2204.833
Initial (march 8-9),3782,3,11,47,2278.5,2134.167
Initial (march 8-9),3782,3,12,91,2169.833,1866.833
Initial (march 8-9),3782,4,13,54,2747.5,2224.5
Initial (march 8-9),3782,4,14,60,2776.833,2157.833
Initial (march 8-9),3782,4,15,54,2784.167,2105.167
Initial (march 8-9),3782,4,16,69,2782.167,1949.167
Initial (march 8-9),3782,5,17,54,3295.167,2219.833
Initial (march 8-9),3782,5,18,63,3261.833,2169.167
Initial (march 8-9),3782,5,19,60,3259.833,2064.5
Initial (march 8-9),3782,5,20,64,3289.833,1920.5
Initial (march 8-9),3783,1,1,72,1307,2110
Initial (march 8-9),3783,1,2,52,1336.5,2031.5
Initial (march 8-9),3783,1,3,74,1383.5,1898.5
Initial (march 8-9),3783,1,4,68,1361.5,1775.5
Initial (march 8-9),3783,2,5,58,1787.5,1981.5
Initial (march 8-9),3783,2,6,84,1814.5,1805.5
Initial (march 8-9),3783,2,7,86,1800.5,1726.5
Initial (march 8-9),3783,2,8,90,1859.5,1644.5
Initial (march 8-9),3783,3,9,50,2316.167,2111.833
Initial (march 8-9),3783,3,10,65,2284.167,2082.5
Initial (march 8-9),3783,3,11,75,2292.833,1900.5
Initial (march 8-9),3783,3,12,63,2274.167,1861.167
Initial (march 8-9),3783,4,13,54,2926.5,2155.5
Initial (march 8-9),3783,4,14,80,2909.167,2071.5
Initial (march 8-9),3783,4,15,65,2925.833,2007.5
Initial (march 8-9),3783,4,16,72,2913.167,1856.167
Initial (march 8-9),3783,5,17,62,3579.167,2200.167
Initial (march 8-9),3783,5,18,68,3587.167,2070.167
Initial (march 8-9),3783,5,19,74,3552.5,1963.5
Initial (march 8-9),3783,5,20,79,3585.167,1844.833
Initial (march 8-9),3784,1,1,113,1597,1590
Initial (march 8-9),3784,1,2,94,1618.5,1705.5
Initial (march 8-9),3784,1,3,77,1616.5,1813.5
Initial (march 8-9),3784,1,4,87,1638.5,1942.5
Initial (march 8-9),3784,2,5,92,2052.5,1552.5
Initial (march 8-9),3784,2,6,110,2049.5,1654.5
Initial (march 8-9),3784,2,7,88,2076.167,1904.5
Initial (march 8-9),3784,2,8,88,2081.5,2108.5
Initial (march 8-9),3784,3,9,128,2633.833,1584.5
Initial (march 8-9),3784,3,10,95,2632.5,1809.833
Initial (march 8-9),3784,3,11,108,2568.5,1964.5
Initial (march 8-9),3784,3,12,86,2620.5,2144.5
Initial (march 8-9),3784,4,13,116,3201.167,1661.167
Initial (march 8-9),3784,4,14,84,3222.5,1775.833
Initial (march 8-9),3784,4,15,81,3242.5,1855.833
Initial (march 8-9),3784,4,16,63,3279.833,2038.5
Initial (march 8-9),3846,1,1,144,1653,2102
Initial (march 8-9),3846,1,2,158,1495.5,2089.833
Initial (march 8-9),3846,1,3,157,1331.5,2108.5
Initial (march 8-9),3846,1,4,170,1410.167,2096.5
Initial (march 8-9),3846,2,5,137,1948.167,2182.167
Initial (march 8-9),3846,2,6,146,2026.833,2143.5
Initial (march 8-9),3846,2,7,152,2133.5,2135.5
Initial (march 8-9),3846,2,8,155,1781.5,2174.167
Initial (march 8-9),3846,3,9,163,2365.5,2188.5
Initial (march 8-9),3846,3,10,159,2467.5,2177.5
Initial (march 8-9),3846,3,11,159,2548.5,2167.5
Initial (march 8-9),3846,3,12,165,2606.5,2162.5
Initial (march 8-9),3846,4,13,164,2789.5,2134.5
Initial (march 8-9),3846,4,14,165,2870.5,2130.5
Initial (march 8-9),3846,4,15,163,2954.5,2131.5
Initial (march 8-9),3846,4,16,159,3080.5,2136.5
Initial (march 8-9),3846,5,17,156,3268.5,2197.833
Initial (march 8-9),3846,5,18,154,3339.167,2200.5
Initial (march 8-9),3846,5,19,138,3431.167,2201.833
Initial (march 8-9),3846,5,20,154,3551.167,2203.167
Initial (march 8-9),3847,1,1,147,1319,2077
Initial (march 8-9),3847,1,2,141,1389.167,2074.5
Initial (march 8-9),3847,1,3,128,1602.5,2083.833
Initial (march 8-9),3847,1,4,136,1713.167,2082.5
Initial (march 8-9),3847,2,5,172,1778.5,2160.5
Initial (march 8-9),3847,2,6,160,1846.5,2180.5
Initial (march 8-9),3847,2,7,172,1916.5,2176.5
Initial (march 8-9),3847,2,8,167,1974.5,2190.5
Initial (march 8-9),3847,3,9,173,2278.5,2144.5
Initial (march 8-9),3847,3,10,153,2363.5,2148.5
Initial (march 8-9),3847,3,11,155,2432.5,2152.5
Initial (march 8-9),3847,3,12,165,2488.5,2160.5
Initial (march 8-9),3847,4,13,178,2756.5,2178.5
Initial (march 8-9),3847,4,14,175,2855.5,2149.5
Initial (march 8-9),3847,4,15,173,2933.5,2132.5
Initial (march 8-9),3847,4,16,175,2979.5,2144.5
Initial (march 8-9),3847,5,17,171,3216.5,2195.5
Initial (march 8-9),3847,5,18,175,3313.5,2191.5
Initial (march 8-9),3847,5,19,181,3408.5,2181.5
Initial (march 8-9),3847,5,20,176,3503.5,2160.5
Initial (march 8-9),3848,1,1,166,1403,2137
Initial (march 8-9),3848,1,2,151,1526.5,2127.833
Initial (march 8-9),3848,1,3,151,1605.167,2126.5
Initial (march 8-9),3848,1,4,140,1713.167,2154.5
Initial (march 8-9),3848,2,5,169,1839.5,2149.5
Initial (march 8-9),3848,2,6,157,1900.5,2152.5
Initial (march 8-9),3848,2,7,173,1979.5,2164.5
Initial (march 8-9),3848,2,8,163,2117.5,2178.5
Initial (march 8-9),3848,3,9,180,2366.833,2178.167
Initial (march 8-9),3848,3,10,153,2457.5,2150.167
Initial (march 8-9),3848,3,11,174,2573.5,2146.167
Initial (march 8-9),3848,3,12,153,2685.5,2154.167
Initial (march 8-9),3848,4,13,172,2796.5,2182.5
Initial (march 8-9),3848,4,14,147,2860.5,2168.5
Initial (march 8-9),3848,4,15,172,2925.5,2166.5
Initial (march 8-9),3848,4,16,174,2990.5,2171.5
Initial (march 8-9),3848,5,17,167,3333.167,2169.5
Initial (march 8-9),3848,5,18,164,3418.5,2154.833
Initial (march 8-9),3848,5,19,163,3521.167,2150.833
Initial (march 8-9),3848,5,20,183,3619.833,2138.833
Initial (march 8-9),3849,1,1,124,1263,2152
Initial (march 8-9),3849,1,2,172,1331.167,2118.5
Initial (march 8-9),3849,1,3,141,1447.167,2091.833
Initial (march 8-9),3849,1,4,151,1661.833,2078.5
Initial (march 8-9),3849,2,5,162,1838.5,2074.5
Initial (march 8-9),3849,2,6,158,1934.5,2086.5
Initial (march 8-9),3849,2,7,165,2010.5,2098.5
Initial (march 8-9),3849,2,8,159,2076.5,2104.5
Initial (march 8-9),3849,3,9,187,2275.833,2205.5
Initial (march 8-9),3849,3,10,166,2351.833,2166.833
Initial (march 8-9),3849,3,11,155,2421.167,2142.833
Initial (march 8-9),3849,3,12,160,2565.167,2136.167
Initial (march 8-9),3849,4,13,186,2765.167,2203.833
Initial (march 8-9),3849,4,14,176,2858.5,2187.833
Initial (march 8-9),3849,4,15,161,2978.5,2178.5
Initial (march 8-9),3849,4,16,169,3107.833,2186.5
Initial (march 8-9),3849,5,17,177,3290.5,2172.5
Initial (march 8-9),3849,5,18,175,3416.5,2166.5
Initial (march 8-9),3849,5,19,174,3480.5,2161.5
Initial (march 8-9),3849,5,20,150,3597.5,2170.5
Initial (march 8-9),3850,1,1,144,1466,2143
Initial (march 8-9),3850,1,2,140,1604.5,2104.5
Initial (march 8-9),3850,1,3,142,1685.833,2105.833
Initial (march 8-9),3850,1,4,125,1745.833,2113.833
Initial (march 8-9),3850,2,5,172,1931.5,2135.5
Initial (march 8-9),3850,2,6,158,2051.5,2105.5
Initial (march 8-9),3850,2,7,165,2199.5,2087.5
Initial (march 8-9),3850,2,8,171,2349.5,2075.5
Initial (march 8-9),3850,3,9,153,2399.833,2136.5
Initial (march 8-9),3850,3,10,163,2551.833,2131.167
Initial (march 8-9),3850,3,11,170,2634.5,2127.167
Initial (march 8-9),3850,3,12,149,2730.5,2137.833
Initial (march 8-9),3850,4,13,179,2897.833,2160.167
Initial (march 8-9),3850,4,14,171,2965.833,2158.833
Initial (march 8-9),3850,4,15,170,3056.5,2166.833
Initial (march 8-9),3850,4,16,167,3183.167,2165.5
Initial (march 8-9),3850,5,17,158,3361.5,2171.5
Initial (march 8-9),3850,5,18,160,3449.5,2147.5
Initial (march 8-9),3850,5,19,147,3577.5,2153.5
Initial (march 8-9),3850,5,20,142,3743.5,2159.5
Initial (march 8-9),3852,1,1,143,1382,2077
Initial (march 8-9),3852,1,2,161,1466.5,2067.5
Initial (march 8-9),3852,1,3,152,1622.5,2080.5
Initial (march 8-9),3852,1,4,180,1681.5,2108.5
Initial (march 8-9),3852,2,5,152,1863.167,2087.167
Initial (march 8-9),3852,2,6,146,1993.833,2087.167
Initial (march 8-9),3852,2,7,155,2120.5,2073.833
Initial (march 8-9),3852,2,8,155,2243.167,2071.167
Initial (march 8-9),3852,3,9,175,2350.167,2131.5
Initial (march 8-9),3852,3,10,168,2431.5,2111.5
Initial (march 8-9),3852,3,11,179,2514.167,2103.5
Initial (march 8-9),3852,3,12,171,2664.833,2104.833
Initial (march 8-9),3852,4,13,163,2915.5,2139.167
Initial (march 8-9),3852,4,14,170,2990.167,2140.5
Initial (march 8-9),3852,4,15,149,3098.167,2140.5
Initial (march 8-9),3852,4,16,161,3214.167,2131.167
Initial (march 8-9),3852,5,17,171,3350.167,2132.5
Initial (march 8-9),3852,5,18,164,3465.5,2131.5
Initial (march 8-9),3852,5,19,163,3538.5,2136.5
Initial (march 8-9),3852,5,20,155,3656.5,2176.5
Initial (march 8-9),3853,1,1,131,1396,2074
Initial (march 8-9),3853,1,2,152,1438.5,2022.5
Initial (march 8-9),3853,1,3,149,1537.5,2046.5
Initial (march 8-9),3853,1,4,158,1608.5,2030.5
Initial (march 8-9),3853,2,5,146,1823.5,2082.5
Initial (march 8-9),3853,2,6,141,1936.5,2080.5
Initial (march 8-9),3853,2,7,143,2000.5,2080.5
Initial (march 8-9),3853,2,8,133,2084.5,2077.5
Initial (march 8-9),3853,3,9,142,2284.5,2126.5
Initial (march 8-9),3853,3,10,140,2394.5,2123.5
Initial (march 8-9),3853,3,11,143,2493.5,2101.5
Initial (march 8-9),3853,3,12,158,2631.5,2084.5
Initial (march 8-9),3853,4,13,167,2834.5,2018.5
Initial (march 8-9),3853,4,14,181,2934.5,2036.5
Initial (march 8-9),3853,4,15,178,3004.5,2049.5
Initial (march 8-9),3853,4,16,167,3102.5,2056.5
Initial (march 8-9),3853,5,17,186,3342.5,2111.5
Initial (march 8-9),3853,5,18,171,3391.5,2110.5
Initial (march 8-9),3853,5,19,170,3532.5,2102.5
Initial (march 8-9),3853,5,20,161,3615.5,2109.5
Initial (march 8-9),3854,1,1,135,1683,2140
Initial (march 8-9),3854,1,2,144,1721.833,2118.5
Initial (march 8-9),3854,1,3,153,1991.167,2122.5
Initial (march 8-9),3854,1,4,150,2085.833,2134.5
Initial (march 8-9),3854,2,5,194,2328.5,2129.167
Initial (march 8-9),3854,2,6,166,2428.5,2098.5
Initial (march 8-9),3854,2,7,166,2564.5,2109.5
Initial (march 8-9),3854,2,8,171,2685.5,2143.5
Initial (march 8-9),3854,3,9,158,2997.5,2120.5
Initial (march 8-9),3854,3,10,175,3122.5,2088.5
Initial (march 8-9),3854,3,11,169,3189.5,2077.5
Initial (march 8-9),3854,3,12,171,3284.5,2091.5
Initial (march 8-9),3856,1,1,155,1379,2056
Initial (march 8-9),3856,1,2,148,1452.5,2077.5
Initial (march 8-9),3856,1,3,143,1566.5,2053.5
Initial (march 8-9),3856,1,4,152,1616.5,2103.5
Initial (march 8-9),3856,2,5,141,1852.167,2101.833
Initial (march 8-9),3856,2,6,166,1965.5,2111.167
Initial (march 8-9),3856,2,7,163,2082.833,2112.5
Initial (march 8-9),3856,2,8,168,2154.833,2139.167
Initial (march 8-9),3856,3,9,159,2264.5,2084.5
Initial (march 8-9),3856,3,10,164,2324.5,2083.5
Initial (march 8-9),3856,3,11,167,2479.5,2078.5
Initial (march 8-9),3856,3,12,168,2540.5,2081.5
Initial (march 8-9),3856,4,13,174,2765.5,2114.5
Initial (march 8-9),3856,4,14,160,2800.167,2105.167
Initial (march 8-9),3856,4,15,176,2892.167,2083.833
Initial (march 8-9),3856,4,16,165,3066.833,2059.833
Initial (march 8-9),3856,5,17,142,3305.5,2105.167
Initial (march 8-9),3856,5,18,167,3378.167,2090.167
Initial (march 8-9),3856,5,19,163,3463.5,2106.167
Initial (march 8-9),3856,5,20,147,3642.167,2111.5
Initial (march 8-9),3857,1,1,139,1340,2175
Initial (march 8-9),3857,1,2,161,1413.5,2131.5
Initial (march 8-9),3857,1,3,165,1540.5,2124.5
Initial (march 8-9),3857,1,4,146,1692.5,2122.5
Initial (march 8-9),3857,2,5,167,1756.833,2110.167
Initial (march 8-9),3857,2,6,143,1886.167,2128.833
Initial (march 8-9),3857,2,7,153,2034.167,2132.833
Initial (march 8-9),3857,2,8,157,2098.167,2138.167
Initial (march 8-9),3857,3,9,150,2285.167,2149.833
Initial (march 8-9),3857,3,10,155,2422.5,2141.833
Initial (march 8-9),3857,3,11,144,2517.167,2155.167
Initial (march 8-9),3857,3,12,155,2641.167,2151.167
Initial (march 8-9),3857,4,13,158,2777.5,2162.167
Initial (march 8-9),3857,4,14,166,2872.167,2131.5
Initial (march 8-9),3857,4,15,176,2970.833,2142.167
Initial (march 8-9),3857,4,16,156,3064.167,2155.5
Initial (march 8-9),3857,5,17,191,3313.5,2138.833
Initial (march 8-9),3857,5,18,191,3388.167,2130.833
Initial (march 8-9),3857,5,19,164,3510.833,2129.5
Initial (march 8-9),3857,5,20,164,3620.167,2137.5
Initial (march 8-9),3858,1,1,144,1413,2114
Initial (march 8-9),3858,1,2,141,1535.167,2087.167
Initial (march 8-9),3858,1,3,189,1625.833,2097.833
Initial (march 8-9),3858,1,4,171,1703.167,2076.5
Initial (march 8-9),3858,2,5,148,1820.833,2098.833
Initial (march 8-9),3858,2,6,139,1899.5,2098.833
Initial (march 8-9),3858,2,7,166,2022.167,2078.833
Initial (march 8-9),3858,2,8,154,2152.833,2093.5
Initial (march 8-9),3858,3,9,157,2351.5,2117.833
Initial (march 8-9),3858,3,10,174,2463.5,2103.167
Initial (march 8-9),3858,3,11,170,2540.833,2099.167
Initial (march 8-9),3858,3,12,164,2624.833,2085.833
Initial (march 8-9),3858,4,13,203,2776.833,2171.833
Initial (march 8-9),3858,4,14,160,2811.5,2123.833
Initial (march 8-9),3858,4,15,148,2934.167,2117.167
Initial (march 8-9),3858,4,16,167,3100.833,2143.833
Initial (march 8-9),3858,5,17,188,3277.167,2188.5
Initial (march 8-9),3858,5,18,181,3417.167,2147.167
Initial (march 8-9),3858,5,19,180,3495.833,2133.833
Initial (march 8-9),3858,5,20,133,3602.5,2144.5
Initial (march 8-9),3859,1,1,159,1458,2139
Initial (march 8-9),3859,1,2,159,1522.167,2138.5
Initial (march 8-9),3859,1,3,167,1632.833,2134.5
Initial (march 8-9),3859,1,4,155,1747.5,2155.833
Initial (march 8-9),3859,2,5,175,1926.833,2101.833
Initial (march 8-9),3859,2,6,177,2005.5,2112.5
Initial (march 8-9),3859,2,7,167,2086.833,2129.833
Initial (march 8-9),3859,2,8,180,2150.833,2131.167
Initial (march 8-9),3859,3,9,178,2353.5,2187.167
Initial (march 8-9),3859,3,10,182,2432.167,2171.167
Initial (march 8-9),3859,3,11,171,2532.167,2161.833
Initial (march 8-9),3859,3,12,175,2654.833,2148.5
Initial (march 8-9),3859,4,13,166,2841.167,2177.5
Initial (march 8-9),3859,4,14,183,2921.167,2170.833
Initial (march 8-9),3859,4,15,168,2999.833,2158.833
Initial (march 8-9),3859,4,16,176,3135.833,2157.5
Initial (march 8-9),3859,5,17,160,3354.5,2180.5
Initial (march 8-9),3859,5,18,179,3411.5,2161.5
Initial (march 8-9),3859,5,19,163,3545.5,2183.5
Initial (march 8-9),3859,5,20,166,3677.5,2189.5
Initial (march 8-9),3860,1,1,129,1213,2171
Initial (march 8-9),3860,1,2,160,1293.833,2146.5
Initial (march 8-9),3860,1,3,166,1417.833,2129.167
Initial (march 8-9),3860,1,4,163,1504.5,2126.5
Initial (march 8-9),3860,2,5,169,1903.167,2122.833
Initial (march 8-9),3860,2,6,162,1964.5,2128.167
Initial (march 8-9),3860,2,7,170,2115.167,2166.833
Initial (march 8-9),3860,2,8,169,2163.167,2172.167
Initial (march 8-9),3860,3,9,174,2352.5,2220.833
Initial (march 8-9),3860,3,10,172,2473.833,2190.167
Initial (march 8-9),3860,3,11,151,2553.833,2167.5
Initial (march 8-9),3860,3,12,202,2665.833,2147.5
Initial (march 8-9),3860,4,13,160,2883.833,2080.167
Initial (march 8-9),3860,4,14,167,3006.5,2142.833
Initial (march 8-9),3860,4,15,166,3083.833,2162.833
Initial (march 8-9),3860,4,16,167,3143.833,2162.833
Initial (march 8-9),3860,5,17,165,3333.5,2176.167
Initial (march 8-9),3860,5,18,152,3458.833,2138.833
Initial (march 8-9),3860,5,19,159,3520.167,2118.833
Initial (march 8-9),3860,5,20,158,3646.833,2102.833
Initial (march 8-9),3861,1,1,141,1366,2173
Initial (march 8-9),3861,1,2,147,1509.833,2131.167
Initial (march 8-9),3861,1,3,133,1623.167,2129.833
Initial (march 8-9),3861,1,4,145,1764.5,2121.833
Initial (march 8-9),3861,2,5,165,1880.167,2128.833
Initial (march 8-9),3861,2,6,152,1940.167,2111.5
Initial (march 8-9),3861,2,7,154,2029.5,2110.167
Initial (march 8-9),3861,2,8,163,2152.167,2128.833
Initial (march 8-9),3861,3,9,162,2386.167,2154.5
Initial (march 8-9),3861,3,10,176,2452.833,2159.833
Initial (march 8-9),3861,3,11,167,2543.5,2162.5
Initial (march 8-9),3861,3,12,170,2659.5,2170.5
Initial (march 8-9),3861,4,13,157,2968.833,2089.833
Initial (march 8-9),3861,4,14,167,3072.833,2061.833
Initial (march 8-9),3861,4,15,159,3182.167,2072.5
Initial (march 8-9),3861,4,16,169,3307.5,2073.833
Initial (march 8-9),3861,5,17,173,3468.5,2160.5
Initial (march 8-9),3861,5,18,156,3649.833,2173.833
Initial (march 8-9),3861,5,19,160,3735.167,2181.833
Initial (march 8-9),3861,5,20,158,3797.833,2187.167
Initial (march 8-9),3862,1,1,148,1366,2167
Initial (march 8-9),3862,1,2,127,1438.167,2159.167
Initial (march 8-9),3862,1,3,153,1528.833,2145.833
Initial (march 8-9),3862,1,4,142,1631.5,2149.833
Initial (march 8-9),3862,2,5,153,1816.5,2162.5
Initial (march 8-9),3862,2,6,170,1941.5,2128.5
Initial (march 8-9),3862,2,7,152,2009.5,2124.5
Initial (march 8-9),3862,2,8,151,2137.5,2120.5
Initial (march 8-9),3862,3,9,172,2343.5,2052.5
Initial (march 8-9),3862,3,10,162,2454.5,2053.5
Initial (march 8-9),3862,3,11,184,2503.5,2066.5
Initial (march 8-9),3862,3,12,178,2594.5,2093.5
Initial (march 8-9),3862,4,13,192,2778.833,2166.167
Initial (march 8-9),3862,4,14,173,2912.167,2164.833
Initial (march 8-9),3862,4,15,169,2969.5,2164.833
Initial (march 8-9),3862,4,16,169,3050.833,2162.167
Initial (march 8-9),3862,5,17,169,3380.5,2185.5
Initial (march 8-9),3862,5,18,164,3467.5,2177.5
Initial (march 8-9),3862,5,19,151,3580.5,2189.5
Initial (march 8-9),3862,5,20,149,3667.5,2230.5
Initial (march 8-9),3863,1,1,138,1325,2045
Initial (march 8-9),3863,1,2,145,1430.5,2036.5
Initial (march 8-9),3863,1,3,152,1538.5,2055.167
Initial (march 8-9),3863,1,4,166,1601.167,2080.5
Initial (march 8-9),3863,2,5,160,1854.167,2154.833
Initial (march 8-9),3863,2,6,166,1918.167,2152.167
Initial (march 8-9),3863,2,7,157,1984.833,2142.833
Initial (march 8-9),3863,2,8,155,2055.5,2185.5
Initial (march 8-9),3863,3,9,178,2356.5,2129.5
Initial (march 8-9),3863,3,10,159,2404.5,2119.5
Initial (march 8-9),3863,3,11,172,2452.5,2105.5
Initial (march 8-9),3863,3,12,157,2539.5,2101.5
Initial (march 8-9),3863,4,13,175,2837.5,2063.5
Initial (march 8-9),3863,4,14,164,2928.5,2089.5
Initial (march 8-9),3863,4,15,155,3032.5,2119.5
Initial (march 8-9),3863,4,16,156,3142.5,2162.5
Initial (march 8-9),3863,5,17,157,3237.167,2139.833
Initial (march 8-9),3863,5,18,148,3397.167,2074.5
Initial (march 8-9),3863,5,19,165,3490.5,2051.833
Initial (march 8-9),3863,5,20,177,3634.5,2053.167
Initial (march 8-9),3872,1,1,156,1351,2094
Initial (march 8-9),3872,1,2,151,1433.5,2091.5
Initial (march 8-9),3872,1,3,140,1513.5,2092.5
Initial (march 8-9),3872,1,4,157,1620.5,2098.5
Initial (march 8-9),3872,2,5,153,1907.5,2116.5
Initial (march 8-9),3872,2,6,134,2012.5,2112.5
Initial (march 8-9),3872,2,7,148,2096.5,2119.5
Initial (march 8-9),3872,2,8,170,2169.5,2106.5
Initial (march 8-9),3872,3,9,155,2311.5,2162.5
Initial (march 8-9),3872,3,10,156,2375.5,2165.5
Initial (march 8-9),3872,3,11,171,2496.5,2124.5
Initial (march 8-9),3872,3,12,162,2676.5,2136.5
Initial (march 8-9),3872,4,13,136,2816.167,2201.833
Initial (march 8-9),3872,4,14,143,3028.167,2181.833
Initial (march 8-9),3872,4,15,164,3152.167,2161.833
Initial (march 8-9),3872,4,16,145,3226.833,2172.5
Initial (march 8-9),3872,5,17,161,3401.833,2051.167
Initial (march 8-9),3872,5,18,153,3552.5,2068.5
Initial (march 8-9),3872,5,19,147,3624.5,2081.833
Initial (march 8-9),3872,5,20,175,3713.833,2087.167
Initial (march 8-9),3873,1,1,120,1301,2105
Initial (march 8-9),3873,1,2,137,1448.5,2085.833
Initial (march 8-9),3873,1,3,147,1520.5,2084.5
Initial (march 8-9),3873,1,4,164,1608.5,2084.5
Initial (march 8-9),3873,2,5,144,1773.5,2087.167
Initial (march 8-9),3873,2,6,144,1858.833,2089.833
Initial (march 8-9),3873,2,7,146,1938.833,2104.5
Initial (march 8-9),3873,2,8,145,2062.833,2112.5
Initial (march 8-9),3873,3,9,161,2254.833,2150.5
Initial (march 8-9),3873,3,10,174,2345.5,2127.833
Initial (march 8-9),3873,3,11,171,2484.167,2122.5
Initial (march 8-9),3873,3,12,172,2565.5,2123.833
Initial (march 8-9),3873,4,13,161,2751.5,2059.833
Initial (march 8-9),3873,4,14,169,2852.833,2059.833
Initial (march 8-9),3873,4,15,151,2931.5,2081.167
Initial (march 8-9),3873,4,16,170,3099.5,2134.5
Initial (march 8-9),3873,5,17,158,3338.5,2081.5
Initial (march 8-9),3873,5,18,163,3378.5,2086.5
Initial (march 8-9),3873,5,19,175,3466.5,2098.5
Initial (march 8-9),3873,5,20,153,3564.5,2111.5
Initial (march 8-9),3874,1,1,135,1457,2147
Initial (march 8-9),3874,1,2,135,1580.833,2156.5
Initial (march 8-9),3874,1,3,137,1647.5,2141.833
Initial (march 8-9),3874,1,4,144,1751.5,2121.833
Initial (march 8-9),3874,2,5,140,1839.5,2135.833
Initial (march 8-9),3874,2,6,171,1920.833,2137.167
Initial (march 8-9),3874,2,7,136,2024.833,2153.167
Initial (march 8-9),3874,2,8,161,2195.5,2191.833
Initial (march 8-9),3874,3,9,142,2304.833,2122.5
Initial (march 8-9),3874,3,10,148,2423.5,2115.833
Initial (march 8-9),3874,3,11,144,2479.5,2106.5
Initial (march 8-9),3874,3,12,157,2634.167,2126.5
Initial (march 8-9),3874,4,13,172,2870.5,2158.5
Initial (march 8-9),3874,4,14,173,2944.5,2158.5
Initial (march 8-9),3874,4,15,174,3000.5,2160.5
Initial (march 8-9),3874,4,16,173,3057.5,2147.5
Initial (march 8-9),3874,5,17,146,3263.5,2159.5
Initial (march 8-9),3874,5,18,152,3424.5,2157.5
Initial (march 8-9),3874,5,19,134,3543.5,2178.5
Initial (march 8-9),3874,5,20,161,3656.5,2198.5
Initial (march 8-9),3875,1,1,156,1331,2180
Initial (march 8-9),3875,1,2,152,1405.5,2172.5
Initial (march 8-9),3875,1,3,147,1541.5,2168.5
Initial (march 8-9),3875,1,4,158,1676.5,2189.5
Initial (march 8-9),3875,2,5,158,1865.167,2179.833
Initial (march 8-9),3875,2,6,162,2013.167,2117.167
Initial (march 8-9),3875,2,7,144,2126.5,2117.167
Initial (march 8-9),3875,2,8,147,2231.833,2169.167
Initial (march 8-9),3875,3,9,168,2400.833,2153.5
Initial (march 8-9),3875,3,10,161,2495.5,2172.167
Initial (march 8-9),3875,3,11,161,2548.833,2173.5
Initial (march 8-9),3875,3,12,170,2655.5,2186.833
Initial (march 8-9),3875,4,13,157,2823.5,2248.5
Initial (march 8-9),3875,4,14,175,2875.5,2212.5
Initial (march 8-9),3875,4,15,195,2953.5,2209.5
Initial (march 8-9),3875,4,16,170,3038.5,2207.5
Initial (march 8-9),3875,5,17,176,3282.5,2153.5
Initial (march 8-9),3875,5,18,162,3432.5,2168.5
Initial (march 8-9),3875,5,19,156,3496.5,2175.5
Initial (march 8-9),3875,5,20,167,3706.5,2225.5
Initial (march 8-9),3876,1,1,145,1471,2122
Initial (march 8-9),3876,1,2,142,1549.833,2115.167
Initial (march 8-9),3876,1,3,161,1631.167,2093.833
Initial (march 8-9),3876,1,4,158,1735.167,2077.833
Initial (march 8-9),3876,2,5,171,1997.5,2125.5
Initial (march 8-9),3876,2,6,155,2072.5,2145.5
Initial (march 8-9),3876,2,7,154,2150.5,2168.5
Initial (march 8-9),3876,2,8,149,2203.5,2198.5
Initial (march 8-9),3876,3,9,166,2444.5,2104.5
Initial (march 8-9),3876,3,10,153,2512.5,2094.5
Initial (march 8-9),3876,3,11,144,2591.5,2096.5
Initial (march 8-9),3876,3,12,152,2668.5,2100.5
Initial (march 8-9),3876,4,13,140,2854.5,2178.5
Initial (march 8-9),3876,4,14,134,3007.5,2151.5
Initial (march 8-9),3876,4,15,163,3111.5,2126.5
Initial (march 8-9),3876,4,16,165,3241.5,2105.5
Initial (march 8-9),3876,5,17,165,3405.5,2211.5
Initial (march 8-9),3876,5,18,174,3502.5,2217.5
Initial (march 8-9),3876,5,19,131,3648.5,2228.5
Initial (march 8-9),3876,5,20,155,3746.5,2242.5
Initial (march 8-9),3877,1,1,134,1380,2198
Initial (march 8-9),3877,1,2,157,1493.5,2173.5
Initial (march 8-9),3877,1,3,141,1554.5,2178.5
Initial (march 8-9),3877,1,4,144,1707.5,2192.5
Initial (march 8-9),3877,2,5,132,1870.5,2097.5
Initial (march 8-9),3877,2,6,140,1964.5,2066.5
Initial (march 8-9),3877,2,7,134,2085.5,2081.5
Initial (march 8-9),3877,2,8,143,2287.5,2128.5
Initial (march 8-9),3877,3,9,154,2498.5,2165.5
Initial (march 8-9),3877,3,10,158,2634.5,2165.5
Initial (march 8-9),3877,3,11,142,2705.5,2170.5
Initial (march 8-9),3877,3,12,158,2782.5,2173.5
Initial (march 8-9),3877,4,13,173,2905.5,2229.5
Initial (march 8-9),3877,4,14,166,3047.5,2195.5
Initial (march 8-9),3877,4,15,166,3126.5,2170.5
Initial (march 8-9),3877,4,16,169,3238.5,2147.5
Initial (march 8-9),3877,5,17,159,3422.5,2135.5
Initial (march 8-9),3877,5,18,139,3521.5,2120.5
Initial (march 8-9),3877,5,19,132,3595.5,2125.5
Initial (march 8-9),3877,5,20,132,3694.5,2122.5
Initial (march 8-9),3881,1,1,158,1516,2229
Initial (march 8-9),3881,1,2,142,1613.5,2205.5
Initial (march 8-9),3881,1,3,159,1771.5,2156.5
Initial (march 8-9),3881,1,4,163,1822.5,2145.5
Initial (march 8-9),3881,2,5,149,1923.5,2133.5
Initial (march 8-9),3881,2,6,153,1991.5,2100.5
Initial (march 8-9),3881,2,7,155,2076.5,2115.5
Initial (march 8-9),3881,2,8,149,2222.5,2106.5
Initial (march 8-9),3881,3,9,134,2520.167,2151.167
Initial (march 8-9),3881,3,10,146,2598.833,2116.5
Initial (march 8-9),3881,3,11,154,2757.5,2115.167
Initial (march 8-9),3881,3,12,158,2864.167,2116.5
Initial (march 8-9),3881,4,13,165,3066.5,2102.5
Initial (march 8-9),3881,4,14,166,3174.5,2085.5
Initial (march 8-9),3881,4,15,148,3295.5,2106.5
Initial (march 8-9),3881,4,16,169,3462.5,2114.5
Initial (march 8-9),3881,5,17,177,3629.833,2120.5
Initial (march 8-9),3881,5,18,155,3744.5,2117.833
Initial (march 8-9),3881,5,19,146,3860.5,2107.167
Initial (march 8-9),3881,5,20,163,3977.833,2136.5
Initial (march 8-9),3884,1,1,146,1267,2054
Initial (march 8-9),3884,1,2,161,1387.833,2039.167
Initial (march 8-9),3884,1,3,165,1501.167,2027.167
Initial (march 8-9),3884,1,4,165,1578.5,2029.833
Initial (march 8-9),3884,2,5,171,1750.5,2029.5
Initial (march 8-9),3884,2,6,162,1822.5,2012.5
Initial (march 8-9),3884,2,7,162,1920.5,2019.5
Initial (march 8-9),3884,2,8,175,2007.5,2033.5
Initial (march 8-9),3884,3,9,181,2318.5,2022.5
Initial (march 8-9),3884,3,10,174,2386.5,2012.5
Initial (march 8-9),3884,3,11,178,2460.5,2002.5
Initial (march 8-9),3884,3,12,175,2534.5,1984.5
Initial (march 8-9),3884,4,13,174,2783.5,2065.5
Initial (march 8-9),3884,4,14,179,2865.5,2050.5
Initial (march 8-9),3884,4,15,182,2925.5,2044.5
Initial (march 8-9),3884,4,16,173,3003.5,2053.5
Initial (march 8-9),3884,5,17,171,3272.5,2004.5
Initial (march 8-9),3884,5,18,159,3377.5,1991.5
Initial (march 8-9),3884,5,19,170,3472.5,1975.5
Initial (march 8-9),3884,5,20,173,3522.5,1965.5
Initial (march 8-9),3884,6,21,160,3801.5,2056.5
Initial (march 8-9),3884,6,22,153,3929.5,2041.5
Initial (march 8-9),3884,6,23,174,4044.5,2036.5
Initial (march 8-9),3884,6,24,146,4168.5,2063.5
Initial (march 8-9),3885,1,1,119,1277,2094
Initial (march 8-9),3885,1,2,141,1421.167,2067.167
Initial (march 8-9),3885,1,3,145,1505.167,2073.833
Initial (march 8-9),3885,1,4,137,1642.5,2083.167
Initial (march 8-9),3885,2,5,146,1740.833,2064.5
Initial (march 8-9),3885,2,6,147,1816.833,2041.833
Initial (march 8-9),3885,2,7,152,1884.833,2033.833
Initial (march 8-9),3885,2,8,151,2070.167,2056.5
Initial (march 8-9),3885,3,9,152,2243.5,2063.5
Initial (march 8-9),3885,3,10,144,2345.5,2045.5
Initial (march 8-9),3885,3,11,162,2406.5,2019.5
Initial (march 8-9),3885,3,12,164,2572.5,2021.5
Initial (march 8-9),3885,4,13,154,2755.5,2087.5
Initial (march 8-9),3885,4,14,155,2860.5,2071.5
Initial (march 8-9),3885,4,15,161,2986.5,2061.5
Initial (march 8-9),3885,4,16,173,3102.5,2048.5
Initial (march 8-9),3885,5,17,165,3257.5,2040.833
Initial (march 8-9),3885,5,18,149,3374.833,2026.167
Initial (march 8-9),3885,5,19,161,3509.5,2014.167
Initial (march 8-9),3885,5,20,161,3600.167,2040.833
Initial (march 8-9),3885,6,21,148,3769.5,2090.167
Initial (march 8-9),3885,6,22,158,3846.833,2074.167
Initial (march 8-9),3885,6,23,135,3916.5,2078.5
Initial (march 8-9),3885,6,24,139,4091.5,2084.5
Initial (march 8-9),3886,1,1,147,1285,2132
Initial (march 8-9),3886,1,2,153,1343.5,2125.167
Initial (march 8-9),3886,1,3,158,1406.833,2119.833
Initial (march 8-9),3886,1,4,162,1514.833,2117.167
Initial (march 8-9),3886,2,5,173,1758.167,2121.167
Initial (march 8-9),3886,2,6,168,1818.167,2087.833
Initial (march 8-9),3886,2,7,172,1912.167,2087.833
Initial (march 8-9),3886,2,8,174,2043.5,2116.5
Initial (march 8-9),3886,3,9,180,2323.5,2085.5
Initial (march 8-9),3886,3,10,154,2439.5,2112.5
Initial (march 8-9),3886,3,11,158,2509.5,2122.5
Initial (march 8-9),3886,3,12,174,2577.5,2126.5
Initial (march 8-9),3886,4,13,180,2719.5,2060.5
Initial (march 8-9),3886,4,14,183,2849.5,2061.5
Initial (march 8-9),3886,4,15,173,2896.5,2076.5
Initial (march 8-9),3886,4,16,152,3033.5,2105.5
Initial (march 8-9),3886,5,17,183,3275.167,2067.833
Initial (march 8-9),3886,5,18,175,3357.833,2071.167
Initial (march 8-9),3886,5,19,174,3439.833,2069.167
Initial (march 8-9),3886,5,20,174,3539.833,2085.167
Initial (march 8-9),3886,6,21,152,3743.5,2116.5
Initial (march 8-9),3886,6,22,151,3876.5,2100.5
Initial (march 8-9),3886,6,23,161,3969.5,2102.5
Initial (march 8-9),3886,6,24,144,4186.5,2147.5
Initial (march 8-9),3887,1,1,180,1358,2108
Initial (march 8-9),3887,1,2,143,1484.5,2133.5
Initial (march 8-9),3887,1,3,133,1601.5,2144.5
Initial (march 8-9),3887,1,4,156,1680.5,2139.5
Initial (march 8-9),3887,2,5,138,1771.5,2206.5
Initial (march 8-9),3887,2,6,155,1868.5,2155.5
Initial (march 8-9),3887,2,7,155,1973.5,2131.5
Initial (march 8-9),3887,2,8,165,2092.5,2123.5
Initial (march 8-9),3887,3,9,173,2207.5,2147.5
Initial (march 8-9),3887,3,10,158,2284.5,2137.5
Initial (march 8-9),3887,3,11,178,2356.5,2111.5
Initial (march 8-9),3887,3,12,163,2540.5,2129.5
Initial (march 8-9),3887,4,13,170,2852.833,2201.167
Initial (march 8-9),3887,4,14,170,2898.167,2193.167
Initial (march 8-9),3887,4,15,165,2997.5,2206.5
Initial (march 8-9),3887,4,16,132,2810.167,2248.5
Initial (march 8-9),3887,5,17,149,3269.5,2196.5
Initial (march 8-9),3887,5,18,156,3335.5,2181.5
Initial (march 8-9),3887,5,19,149,3368.5,2176.5
Initial (march 8-9),3887,5,20,149,3422.5,2172.5
Initial (march 8-9),3887,6,21,160,3703.5,2206.5
Initial (march 8-9),3887,6,22,159,3836.5,2205.5
Initial (march 8-9),3887,6,23,160,3913.5,2190.5
Initial (march 8-9),3887,6,24,159,4003.5,2189.5
Initial (march 8-9),3888,1,1,163,1270,2184
Initial (march 8-9),3888,1,2,183,1337.5,2171.5
Initial (march 8-9),3888,1,3,185,1407.5,2168.5
Initial (march 8-9),3888,1,4,181,1493.5,2156.5
Initial (march 8-9),3888,2,5,183,1782.833,2201.5
Initial (march 8-9),3888,2,6,168,1816.833,2182.167
Initial (march 8-9),3888,2,7,189,1900.167,2151.5
Initial (march 8-9),3888,2,8,185,1971.5,2133.5
Initial (march 8-9),3888,3,9,200,2180.5,2159.5
Initial (march 8-9),3888,3,10,183,2241.5,2176.5
Initial (march 8-9),3888,3,11,186,2335.5,2178.5
Initial (march 8-9),3888,3,12,194,2417.5,2166.5
Initial (march 8-9),3888,4,13,218,2822.167,2152.833
Initial (march 8-9),3888,4,14,218,2883.5,2142.167
Initial (march 8-9),3888,4,15,215,2924.167,2142.167
Initial (march 8-9),3888,4,16,214,3054.167,2148.167
Initial (march 8-9),3888,5,17,217,3180.167,2121.833
Initial (march 8-9),3888,5,18,215,3273.5,2102.5
Initial (march 8-9),3888,5,19,209,3362.833,2097.167
Initial (march 8-9),3888,5,20,208,3484.167,2097.833
Initial (march 8-9),3888,6,21,161,3685.167,2164.5
Initial (march 8-9),3888,6,22,191,3728.5,2148.5
Initial (march 8-9),3888,6,23,192,3783.167,2147.167
Initial (march 8-9),3888,6,24,194,3887.167,2161.167
Initial (march 8-9),3890,1,1,169,1332,2237
Initial (march 8-9),3890,1,2,155,1428.167,2223.167
Initial (march 8-9),3890,1,3,154,1557.5,2209.833
Initial (march 8-9),3890,1,4,149,1597.5,2220.5
Initial (march 8-9),3890,2,5,166,1809.5,2106.5
Initial (march 8-9),3890,2,6,154,1854.5,2101.5
Initial (march 8-9),3890,2,7,156,1864.5,2090.5
Initial (march 8-9),3890,2,8,163,2050.5,2110.5
Initial (march 8-9),3890,3,9,177,2303.5,2112.5
Initial (march 8-9),3890,3,10,182,2367.5,2089.5
Initial (march 8-9),3890,3,11,171,2448.5,2099.5
Initial (march 8-9),3890,3,12,154,2564.5,2126.5
Initial (march 8-9),3890,4,13,148,2778.5,2181.5
Initial (march 8-9),3890,4,14,181,2838.5,2168.5
Initial (march 8-9),3890,4,15,171,2920.5,2162.5
Initial (march 8-9),3890,4,16,163,3019.5,2155.5
Initial (march 8-9),3890,5,17,165,3237.833,2066.833
Initial (march 8-9),3890,5,18,162,3357.833,2069.5
Initial (march 8-9),3890,5,19,137,3445.833,2093.5
Initial (march 8-9),3890,5,20,137,3613.833,2148.167
Initial (march 8-9),3890,6,21,165,3759.5,2212.5
Initial (march 8-9),3890,6,22,170,3869.5,2205.5
Initial (march 8-9),3890,6,23,173,3966.5,2213.5
Initial (march 8-9),3890,6,24,154,4112.5,2227.5
Initial (march 8-9),3891,1,1,167,2719,2110
Initial (march 8-9),3891,1,2,187,2768.5,2092.5
Initial (march 8-9),3891,1,3,182,2877.5,2098.5
Initial (march 8-9),3891,1,4,176,2976.5,2129.5
April 18,4006,1,1,123,1164,2092
April 18,4006,1,2,128,1233.5,2087.5
April 18,4006,1,3,145,1361.5,2083.5
April 18,4006,1,4,151,1401.5,2070.5
April 18,4006,2,5,163,1552.5,2126.5
April 18,4006,2,6,154,1640.5,2125.5
April 18,4006,2,7,157,1697.5,2135.5
April 18,4006,2,8,151,1791.5,2138.5
April 18,4006,3,9,146,2077.5,2154.5
April 18,4006,3,10,165,2195.5,2111.5
April 18,4006,3,11,179,2262.5,2092.5
April 18,4006,3,12,172,2334.5,2086.5
April 18,4006,4,13,161,2483.5,2162.5
April 18,4006,4,14,187,2647.5,2099.5
April 18,4006,4,15,168,2747.5,2094.5
April 18,4006,4,16,203,2851.5,2076.5
April 18,4006,5,17,164,3074.5,2142.5
April 18,4006,5,18,169,3156.5,2140.5
April 18,4006,5,19,174,3285.5,2156.5
April 18,4006,5,20,189,3355.5,2155.5
April 18,4006,6,21,177,3505.833,2123.167
April 18,4006,6,22,179,3613.833,2084.5
April 18,4006,6,23,161,3771.167,2076.5
April 18,4006,6,24,105,3968.5,2064.5
April 18,4007,1,1,125,1195,2058
April 18,4007,1,2,128,1372.5,2035.5
April 18,4007,1,3,134,1468.5,2073.5
April 18,4007,1,4,143,1522.5,2067.5
April 18,4007,2,5,166,1699.5,2039.833
April 18,4007,2,6,141,1766.167,2023.833
April 18,4007,2,7,165,1862.167,2014.5
April 18,4007,2,8,150,1954.167,2021.167
April 18,4007,3,9,151,2097.5,2005.833
April 18,4007,3,10,169,2201.5,1996.5
April 18,4007,3,11,169,2260.167,1993.833
April 18,4007,3,12,146,2404.167,1979.167
April 18,4007,4,13,95,2602.5,2097.167
April 18,4007,4,14,164,2702.5,2053.167
April 18,4007,4,15,143,2779.833,2054.5
April 18,4007,4,16,164,2981.167,2033.167
April 18,4007,5,17,138,3206.5,2084.833
April 18,4007,5,18,136,3289.167,2096.833
April 18,4007,5,19,132,3350.5,2106.167
April 18,4007,5,20,155,3474.5,2119.5
April 18,4007,6,21,163,3674.5,2080.5
April 18,4007,6,22,161,3760.5,2065.5
April 18,4007,6,23,147,3853.5,2048.5
April 18,4007,6,24,120,3973.5,2043.5
April 18,4008,1,1,115,1131,2079
April 18,4008,1,2,136,1235.833,2073.833
April 18,4008,1,3,132,1335.833,2093.833
April 18,4008,1,4,152,1443.833,2135.167
April 18,4008,2,5,144,1663.5,2071.5
April 18,4008,2,6,129,1735.5,2051.5
April 18,4008,2,7,139,1843.5,2040.5
April 18,4008,2,8,136,1907.5,2042.5
April 18,4008,3,9,170,2089.167,2068.167
April 18,4008,3,10,166,2194.5,2061.5
April 18,4008,3,11,156,2351.833,2054.833
April 18,4008,3,12,173,2473.167,2062.833
April 18,4008,4,13,156,2633.833,2100.833
April 18,4008,4,14,153,2767.167,2083.5
April 18,4008,4,15,151,2811.167,2086.167
April 18,4008,4,16,146,2872.5,2090.167
April 18,4008,5,17,150,3087.167,2073.167
April 18,4008,5,18,130,3119.167,2078.5
April 18,4008,5,19,132,3203.167,2057.167
April 18,4008,5,20,156,3248.5,2075.833
April 18,4008,6,21,163,3561.5,2071.5
April 18,4008,6,22,128,3636.5,2071.5
April 18,4008,6,23,127,3758.5,2061.5
April 18,4008,6,24,118,3823.5,2109.5
April 18,4009,1,1,103,1151,2159
April 18,4009,1,2,114,1273.5,2138.5
April 18,4009,1,3,122,1361.5,2125.5
April 18,4009,1,4,128,1534.5,2115.5
April 18,4009,2,5,138,1652.5,2162.5
April 18,4009,2,6,152,1738.5,2106.5
April 18,4009,2,7,154,1839.5,2087.5
April 18,4009,2,8,149,1942.5,2088.5
April 18,4009,3,9,143,2134.167,2060.5
April 18,4009,3,10,148,2347.5,2064.5
April 18,4009,3,11,163,2434.167,2093.833
April 18,4009,3,12,179,2544.833,2147.167
April 18,4009,4,13,152,2676.5,2140.5
April 18,4009,4,14,139,2736.5,2117.833
April 18,4009,4,15,140,2887.167,2107.167
April 18,4009,4,16,140,3003.167,2115.167
April 18,4009,5,17,182,3131.5,2148.5
April 18,4009,5,18,161,3210.5,2137.5
April 18,4009,5,19,144,3303.5,2139.5
April 18,4009,5,20,155,3388.5,2140.5
April 18,4009,6,21,139,3612.5,2167.5
April 18,4009,6,22,127,3703.167,2143.5
April 18,4009,6,23,136,3877.833,2160.833
April 18,4009,6,24,91,4113.833,2206.167
April 18,4010,1,1,141,1367.5,2083.5
April 18,4010,1,2,118,1396.5,2097.5
April 18,4010,1,3,130,1464.5,2077.5
April 18,4010,1,4,131,1524.5,2079.5
April 18,4010,2,5,153,1683.5,2103.5
April 18,4010,2,6,144,1753.5,2103.5
April 18,4010,2,7,154,1840.5,2099.5
April 18,4010,2,8,155,1962.5,2103.5
April 18,4010,3,9,161,2137.5,2027.5
April 18,4010,3,10,163,2227.5,2014.5
April 18,4010,3,11,148,2298.5,2027.5
April 18,4010,3,12,149,2399.5,2046.5
April 18,4010,4,13,167,2602.833,2027.167
April 18,4010,4,14,156,2737.5,2045.833
April 18,4010,4,15,155,2812.167,2061.833
April 18,4010,4,16,179,2966.833,2049.833
April 18,4010,5,17,128,3129.833,2036.167
April 18,4010,5,18,103,3217.833,2064.167
April 18,4010,5,19,136,3275.167,2037.5
April 18,4010,5,20,136,3396.5,2037.5
April 18,4010,6,21,145,3599.5,2093.5
April 18,4010,6,22,148,3694.5,2094.5
April 18,4010,6,23,136,3780.5,2092.5
April 18,4010,6,24,127,3901.5,2099.5
April 18,4011,1,1,105,1149,2157
April 18,4011,1,2,130,1238.167,2133.833
April 18,4011,1,3,137,1308.833,2131.167
April 18,4011,1,4,141,1382.167,2136.5
April 18,4011,2,5,140,1694.5,2094.5
April 18,4011,2,6,155,1777.5,2095.5
April 18,4011,2,7,143,1834.5,2088.5
April 18,4011,2,8,167,1929.5,2090.5
April 18,4011,3,9,171,2162.5,2147.5
April 18,4011,3,10,173,2222.5,2130.5
April 18,4011,3,11,194,2308.5,2109.5
April 18,4011,3,12,200,2368.5,2112.5
April 18,4011,4,13,174,2611.5,2067.5
April 18,4011,4,14,175,2695.5,2074.5
April 18,4011,4,15,174,2852.5,2098.5
April 18,4011,4,16,169,2900.5,2107.5
April 18,4011,5,17,157,3128.5,2158.5
April 18,4011,5,18,158,3175.5,2133.5
April 18,4011,5,19,133,3313.5,2135.5
April 18,4011,5,20,132,3417.5,2130.5
April 18,4011,6,21,149,3695.5,2141.5
April 18,4011,6,22,150,3781.5,2143.5
April 18,4011,6,23,151,3865.5,2150.5
April 18,4011,6,24,134,3954.5,2180.5
April 18,4012,1,1,131,1983,2096
April 18,4012,1,2,128,2053.167,2075.833
April 18,4012,1,3,158,2235.833,2054.5
April 18,4012,1,4,152,2355.833,2023.833
April 18,4012,2,5,161,2484.5,2067.5
April 18,4012,2,6,162,2684.5,2046.167
April 18,4012,2,7,159,2783.167,2051.5
April 18,4012,2,8,130,2921.833,2108.833
April 18,4014,1,1,130,1158,2061
April 18,4014,1,2,133,1262.167,2075.167
April 18,4014,1,3,160,1282.167,2057.833
April 18,4014,1,4,157,1443.5,2079.167
April 18,4014,2,5,150,1568.5,2068.833
April 18,4014,2,6,168,1636.5,2031.5
April 18,4014,2,7,152,1712.5,2031.5
April 18,4014,2,8,150,1876.5,2034.167
April 18,4014,3,9,162,2073.167,2084.5
April 18,4014,3,10,172,2167.833,2048.5
April 18,4014,3,11,171,2281.167,2049.833
April 18,4014,3,12,172,2414.5,2041.833
April 18,4014,4,13,175,2548.833,2083.5
April 18,4014,4,14,188,2607.5,2066.167
April 18,4014,4,15,170,2707.5,2055.5
April 18,4014,4,16,153,2812.833,2058.167
April 18,4014,5,17,183,3079.5,2044.5
April 18,4014,5,18,176,3190.5,2031.5
April 18,4014,5,19,163,3266.5,2032.5
April 18,4014,5,20,175,3357.5,2017.5
April 18,4014,6,21,173,3613.5,2085.5
April 18,4014,6,22,144,3701.5,2052.5
April 18,4014,6,23,134,3907.5,2027.5
April 18,4014,6,24,106,4088.5,2044.5
April 18,4015,1,1,132,1138,2149
April 18,4015,1,2,141,1232.5,2134.5
April 18,4015,1,3,140,1277.5,2131.5
April 18,4015,1,4,139,1388.5,2120.5
April 18,4015,2,5,165,1556.5,2116.5
April 18,4015,2,6,153,1644.5,2112.5
April 18,4015,2,7,171,1727.5,2111.5
April 18,4015,2,8,148,1803.5,2109.5
April 18,4015,3,9,160,2111.5,2124.5
April 18,4015,3,10,191,2194.5,2088.5
April 18,4015,3,11,186,2269.5,2072.5
April 18,4015,3,12,181,2334.5,2063.5
April 18,4015,4,13,162,2582.5,2036.5
April 18,4015,4,14,168,2671.5,2042.5
April 18,4015,4,15,178,2746.5,2065.5
April 18,4015,4,16,164,2808.5,2062.5
April 18,4015,5,17,157,3116.5,2082.5
April 18,4015,5,18,172,3215.5,2072.5
April 18,4015,5,19,173,3305.5,2060.5
April 18,4015,5,20,190,3430.5,2050.5
April 18,4015,6,21,200,3595.5,2024.5
April 18,4015,6,22,180,3677.5,2019.5
April 18,4015,6,23,155,3755.5,2043.5
April 18,4015,6,24,153,3881.5,2074.5
April 18,4016,1,1,132,1121,2082
April 18,4016,1,2,143,1218.167,2083.167
April 18,4016,1,3,136,1274.167,2089.833
April 18,4016,1,4,156,1340.833,2091.167
April 18,4016,2,5,151,1636.167,1996.167
April 18,4016,2,6,162,1734.833,1972.167
April 18,4016,2,7,155,1892.167,1973.5
April 18,4016,2,8,146,1953.5,1985.5
April 18,4016,3,9,170,2087.167,1991.5
April 18,4016,3,10,169,2156.5,1999.5
April 18,4016,3,11,172,2257.833,2014.167
April 18,4016,3,12,192,2355.167,2051.5
April 18,4016,4,13,187,2593.5,2051.5
April 18,4016,4,14,193,2674.5,2033.5
April 18,4016,4,15,171,2750.5,2034.5
April 18,4016,4,16,177,2876.5,2030.5
April 18,4016,5,17,191,3125.833,1976.833
April 18,4016,5,18,174,3231.167,2040.833
April 18,4016,5,19,169,3345.833,2072.833
April 18,4016,5,20,180,3432.5,2107.5
April 18,4016,6,21,164,3618.5,2048.5
April 18,4016,6,22,162,3706.5,2048.5
April 18,4016,6,23,158,3750.5,2057.5
April 18,4016,6,24,184,3825.5,2087.5
April 18,4017,1,1,139,1101,2089
April 18,4017,1,2,154,1217.167,2085.167
April 18,4017,1,3,150,1295.833,2059.833
April 18,4017,1,4,158,1402.5,2069.167
April 18,4017,2,5,155,1641.5,2060.5
April 18,4017,2,6,140,1707.5,2084.5
April 18,4017,2,7,146,1758.5,2073.5
April 18,4017,2,8,159,1829.5,2080.5
April 18,4017,3,9,183,2111.5,2051.5
April 18,4017,3,10,157,2179.5,2060.5
April 18,4017,3,11,167,2272.5,2084.5
April 18,4017,3,12,177,2336.5,2090.5
April 18,4017,4,13,177,2511.5,2041.5
April 18,4017,4,14,162,2564.5,2042.5
April 18,4017,4,15,165,2717.5,2026.5
April 18,4017,4,16,182,2790.5,2031.5
April 18,4017,5,17,148,3058.5,1986.5
April 18,4017,5,18,144,3170.5,1982.5
April 18,4017,5,19,139,3265.5,2016.5
April 18,4017,5,20,174,3316.5,2019.5
April 18,4017,6,21,156,3593.5,2056.5
April 18,4017,6,22,151,3676.5,2064.5
April 18,4017,6,23,134,3774.5,2066.5
April 18,4017,6,24,145,3838.5,2071.5
April 18,4018,1,1,120,1102,2085
April 18,4018,1,2,144,1204.5,2054.5
April 18,4018,1,3,123,1273.5,2046.5
April 18,4018,1,4,138,1411.5,2027.5
April 18,4018,2,5,161,1681.5,2058.5
April 18,4018,2,6,156,1730.5,2051.5
April 18,4018,2,7,165,1869.5,2051.5
April 18,4018,2,8,149,1963.5,2066.5
April 18,4018,3,9,156,2127.833,2023.833
April 18,4018,3,10,150,2251.833,2002.5
April 18,4018,3,11,143,2334.5,1966.5
April 18,4018,3,12,168,2421.167,1951.833
April 18,4018,4,13,161,2620.5,2013.5
April 18,4018,4,14,129,2685.5,2035.5
April 18,4018,4,15,155,2734.5,2016.5
April 18,4018,4,16,145,2895.5,2041.5
April 18,4018,5,17,166,3079.5,2077.833
April 18,4018,5,18,174,3118.167,2059.167
April 18,4018,5,19,181,3276.833,2040.5
April 18,4018,5,20,183,3311.5,2039.167
April 18,4018,6,21,133,3684.5,1995.5
April 18,4018,6,22,115,3745.5,2013.5
April 18,4018,6,23,114,3852.5,2027.5
April 18,4018,6,24,117,3926.5,2032.5
April 18,4019,1,1,152,1123,2118
April 18,4019,1,2,139,1197.5,2084.5
April 18,4019,1,3,141,1298.5,2085.5
April 18,4019,1,4,156,1397.5,2086.5
April 18,4019,2,5,168,1645.5,2080.5
April 18,4019,2,6,154,1718.5,2075.5
April 18,4019,2,7,169,1773.5,2078.5
April 18,4019,2,8,165,1881.5,2060.5
April 18,4019,3,9,183,2181.5,2077.5
April 18,4019,3,10,183,2290.5,2037.5
April 18,4019,3,11,187,2420.5,2008.5
April 18,4019,3,12,201,2494.5,2003.5
April 18,4019,4,13,178,2685.5,2086.5
April 18,4019,4,14,172,2731.5,2068.5
April 18,4019,4,15,169,2837.5,2068.5
April 18,4019,4,16,160,2921.5,2069.5
April 18,4019,5,17,173,3221.5,2124.5
April 18,4019,5,18,164,3314.5,2086.5
April 18,4019,5,19,153,3411.5,2069.5
April 18,4019,5,20,166,3469.5,2062.5
April 18,4019,6,21,173,3604.5,2047.5
April 18,4019,6,22,171,3693.5,2047.5
April 18,4019,6,23,140,3775.5,2068.5
April 18,4019,6,24,156,3859.5,2047.5
April 18,4020,1,1,142,1818,2124
April 18,4020,1,2,155,1960.5,2108.5
April 18,4020,1,3,156,2025.5,2133.5
April 18,4020,1,4,152,2176.5,2133.5
April 18,4020,2,5,182,2352.5,2102.5
April 18,4020,2,6,177,2413.5,2090.5
April 18,4020,2,7,172,2481.5,2076.5
April 18,4020,2,8,179,2555.5,2070.5
April 18,4020,3,9,161,2877.5,2122.5
April 18,4020,3,10,176,2909.5,2117.5
April 18,4020,3,11,173,2935.5,2116.5
April 18,4020,3,12,170,2982.5,2136.5
April 18,4022,1,1,156,1193,2011
April 18,4022,1,2,136,1230.167,2005.833
April 18,4022,1,3,159,1268.833,1992.5
April 18,4022,1,4,173,1334.167,2024.5
April 18,4022,2,5,153,1641.5,2096.5
April 18,4022,2,6,157,1680.5,2087.5
April 18,4022,2,7,153,1751.5,2075.5
April 18,4022,2,8,152,1822.5,2074.5
April 18,4022,3,9,167,2296.5,2098.5
April 18,4022,3,10,161,2334.5,2106.5
April 18,4022,3,11,166,2420.5,2096.5
April 18,4022,3,12,170,2493.5,2103.5
April 18,4022,4,13,166,2642.5,2087.167
April 18,4022,4,14,175,2722.5,2069.833
April 18,4022,4,15,167,2857.167,2060.5
April 18,4022,4,16,161,2926.5,2061.833
April 18,4022,5,17,178,3170.5,2065.5
April 18,4022,5,18,184,3218.5,2066.5
April 18,4022,5,19,185,3267.5,2068.5
April 18,4022,5,20,181,3370.5,2081.5
April 18,4022,6,21,189,3573.167,2123.5
April 18,4022,6,22,155,3670.5,2108.833
April 18,4022,6,23,165,3782.5,2094.167
April 18,4022,6,24,128,3931.833,2083.5
April 18,4023,1,1,148,1221,2053
April 18,4023,1,2,144,1268.5,2057.5
April 18,4023,1,3,155,1344.5,2072.5
April 18,4023,1,4,159,1445.5,2081.5
April 18,4023,2,5,135,1601.5,2120.5
April 18,4023,2,6,140,1694.5,2111.5
April 18,4023,2,7,147,1746.5,2100.5
April 18,4023,2,8,158,1804.5,2086.5
April 18,4023,3,9,158,2035.167,2062.833
April 18,4023,3,10,158,2096.5,2053.5
April 18,4023,3,11,159,2197.833,2044.167
April 18,4023,3,12,147,2339.167,2049.5
April 18,4023,4,13,151,2543.167,2093.833
April 18,4023,4,14,137,2653.833,2081.833
April 18,4023,4,15,155,2733.833,2060.5
April 18,4023,4,16,166,2840.5,2040.5
April 18,4023,5,17,191,3091.167,2035.833
April 18,4023,5,18,177,3180.5,2037.167
April 18,4023,5,19,173,3232.5,2031.833
April 18,4023,5,20,193,3353.833,2050.5
April 18,4023,6,21,146,3584.5,2031.167
April 18,4023,6,22,123,3692.5,2037.833
April 18,4023,6,23,125,3801.833,2044.5
April 18,4023,6,24,92,3961.833,2055.167
April 18,4024,1,1,110,1133,2070
April 18,4024,1,2,123,1214.5,2076.5
April 18,4024,1,3,136,1326.5,2072.5
April 18,4024,1,4,158,1460.5,2060.5
April 18,4024,2,5,175,1682.833,1992.5
April 18,4024,2,6,176,1712.833,1997.833
April 18,4024,2,7,173,1812.833,2005.833
April 18,4024,2,8,178,1899.5,2020.5
April 18,4024,3,9,115,2076.5,2054.833
April 18,4024,3,10,149,2119.167,2025.5
April 18,4024,3,11,163,2187.167,2009.5
April 18,4024,3,12,147,2279.167,1994.833
April 18,4024,4,13,173,2644.5,1992.5
April 18,4024,4,14,164,2718.5,1994.5
April 18,4024,4,15,158,2792.5,2004.5
April 18,4024,4,16,150,2882.5,2025.5
April 18,4024,5,17,135,3136.833,2085.167
April 18,4024,5,18,135,3206.167,2062.5
April 18,4024,5,19,151,3280.833,2058.5
April 18,4024,5,20,160,3343.5,2062.5
April 18,4024,6,21,200,3575.5,1979.5
April 18,4024,6,22,159,3662.5,1984.5
April 18,4024,6,23,173,3741.5,1982.5
April 18,4024,6,24,143,3922.5,1985.5
April 18,4025,1,1,161,1281,2055
April 18,4025,1,2,156,1315.5,2061.5
April 18,4025,1,3,152,1352.5,2071.5
April 18,4025,1,4,149,1387.5,2082.5
April 18,4025,2,5,116,1704.5,2170.5
April 18,4025,2,6,153,1781.167,2137.833
April 18,4025,2,7,143,1824.5,2133.167
April 18,4025,2,8,162,1864.5,2123.167
April 18,4025,3,9,167,2132.5,2097.5
April 18,4025,3,10,163,2242.5,2079.5
April 18,4025,3,11,159,2323.5,2084.5
April 18,4025,3,12,173,2449.5,2079.5
April 18,4025,4,13,167,2649.5,2110.5
April 18,4025,4,14,157,2704.5,2108.5
April 18,4025,4,15,157,2774.5,2110.5
April 18,4025,4,16,142,2862.5,2114.5
April 18,4025,5,17,198,3018.5,2079.5
April 18,4025,5,18,179,3165.5,2085.5
April 18,4025,5,19,169,3246.5,2092.5
April 18,4025,5,20,180,3353.5,2104.5
April 18,4025,6,21,154,3533.5,2102.5
April 18,4025,6,22,136,3659.5,2062.5
April 18,4025,6,23,136,3759.5,2048.5
April 18,4025,6,24,115,3855.5,2044.5
April 18,4026,1,1,56,1084,2045
April 18,4026,1,2,89,1215.833,2023.167
April 18,4026,1,3,103,1306.5,2021.833
April 18,4026,1,4,115,1373.167,2003.167
April 18,4026,2,5,137,1692.5,2052.5
April 18,4026,2,6,155,1772.5,2046.5
April 18,4026,2,7,146,1836.5,2033.5
April 18,4026,2,8,138,1929.5,2057.5
April 18,4026,3,9,138,2009.5,2038.5
April 18,4026,3,10,141,2127.5,2006.5
April 18,4026,3,11,141,2225.5,2036.5
April 18,4026,3,12,140,2339.5,2026.5
April 18,4026,4,13,135,2540.5,2043.5
April 18,4026,4,14,151,2619.5,2032.5
April 18,4026,4,15,140,2725.5,2038.5
April 18,4026,4,16,146,2903.5,2054.5
April 18,4026,5,17,147,3025.5,2068.5
April 18,4026,5,18,160,3109.5,2058.5
April 18,4026,5,19,167,3169.5,2046.5
April 18,4026,5,20,171,3254.5,2042.5
April 18,4026,6,21,111,3517.833,2093.5
April 18,4026,6,22,118,3671.167,2090.833
April 18,4026,6,23,114,3723.167,2069.5
April 18,4026,6,24,121,3785.833,2074.833
April 18,4028,1,1,83,1146,2132
April 18,4028,1,2,96,1195.5,2099.5
April 18,4028,1,3,103,1316.5,2090.5
April 18,4028,1,4,133,1436.5,2066.5
April 18,4028,2,5,142,1622.5,2130.5
April 18,4028,2,6,136,1678.5,2084.5
April 18,4028,2,7,153,1777.5,2038.5
April 18,4028,2,8,161,1882.5,2014.5
April 18,4028,3,9,125,2074.5,2047.5
April 18,4028,3,10,118,2203.5,2050.5
April 18,4028,3,11,139,2317.5,2056.5
April 18,4028,3,12,122,2436.5,2075.5
April 18,4028,4,13,140,2582.5,2095.5
April 18,4028,4,14,154,2701.167,2094.167
April 18,4028,4,15,140,2802.5,2099.5
April 18,4028,4,16,132,2903.833,2108.833
April 18,4028,5,17,166,3100.833,2057.167
April 18,4028,5,18,167,3168.833,2050.5
April 18,4028,5,19,162,3243.5,2047.833
April 18,4028,5,20,156,3387.5,2051.833
April 18,4028,6,21,128,3668.5,2042.5
April 18,4028,6,22,128,3786.5,2034.5
April 18,4028,6,23,130,3872.5,2027.5
April 18,4028,6,24,99,3995.5,2049.5
April 18,4029,1,1,186,2436,2078
April 18,4029,1,2,180,2470.5,2072.5
April 18,4029,1,3,173,2510.5,2061.5
April 18,4029,1,4,175,2573.5,2046.5
April 18,4031,1,1,110,1099,2104
April 18,4031,1,2,103,1185.5,2091.5
April 18,4031,1,3,97,1251.5,2086.5
April 18,4031,1,4,104,1340.5,2081.5
April 18,4031,2,5,141,1634.833,2085.5
April 18,4031,2,6,150,1761.5,2029.5
April 18,4031,2,7,148,1906.833,1994.833
April 18,4031,2,8,136,1984.167,2028.167
April 18,4031,3,9,147,2118.167,2073.167
April 18,4031,3,10,169,2226.167,2049.167
April 18,4031,3,11,161,2328.833,2027.833
April 18,4031,3,12,139,2450.167,2002.5
April 18,4031,4,13,152,2557.5,2047.5
April 18,4031,4,14,163,2650.5,2045.5
April 18,4031,4,15,135,2748.5,2054.5
April 18,4031,4,16,144,2866.5,2069.5
April 18,4031,5,17,140,3018.833,2062.5
April 18,4031,5,18,121,3176.167,2049.167
April 18,4031,5,19,147,3317.5,2057.167
April 18,4031,5,20,137,3460.167,2074.5
April 18,4031,6,21,154,3615.5,2049.5
April 18,4031,6,22,140,3731.5,2036.5
April 18,4031,6,23,117,3832.5,2036.5
April 18,4031,6,24,91,3910.5,2034.5
April 18,4032,1,1,131,1188,1995
April 18,4032,1,2,135,1304.833,2017.167
April 18,4032,1,3,124,1396.833,2033.167
April 18,4032,1,4,131,1486.167,2050.5
April 18,4032,2,5,142,1639.5,1968.5
April 18,4032,2,6,127,1729.5,1968.5
April 18,4032,2,7,143,1827.5,1961.5
April 18,4032,2,8,159,1964.5,1976.5
April 18,4032,3,9,157,2068.5,2042.5
April 18,4032,3,10,145,2153.5,2040.5
April 18,4032,3,11,136,2223.5,2046.5
April 18,4032,3,12,157,2304.5,2037.5
April 18,4032,4,13,133,2483.167,2047.167
April 18,4032,4,14,122,2615.167,2023.167
April 18,4032,4,15,129,2721.833,2023.167
April 18,4032,4,16,126,2839.167,2021.833
April 18,4032,5,17,196,2995.5,2029.5
April 18,4032,5,18,163,3079.5,2024.5
April 18,4032,5,19,152,3188.5,2028.5
April 18,4032,5,20,167,3261.5,2035.5
April 18,4032,6,21,156,3535.5,2000.5
April 18,4032,6,22,120,3638.5,1970.5
April 18,4032,6,23,107,3749.5,2000.5
April 18,4032,6,24,91,3901.5,2036.5
April 18,4037,1,1,110,1057,2035
April 18,4037,1,2,108,1197.5,2040.5
April 18,4037,1,3,127,1289.5,2032.5
April 18,4037,1,4,144,1454.5,2064.5
April 18,4037,2,5,140,1684.5,2113.5
April 18,4037,2,6,133,1747.5,2091.5
April 18,4037,2,7,138,1828.5,2083.5
April 18,4037,2,8,173,1978.5,2091.5
April 18,4037,3,9,132,2206.5,2044.833
April 18,4037,3,10,150,2283.833,2038.833
April 18,4037,3,11,145,2356.5,2046.167
April 18,4037,3,12,146,2433.167,2066.833
April 18,4037,4,13,146,2585.5,2078.5
April 18,4037,4,14,147,2670.5,2061.5
April 18,4037,4,15,148,2810.5,2056.5
April 18,4037,4,16,146,2936.5,2081.5
April 18,4037,5,17,168,3105.5,2008.5
April 18,4037,5,18,167,3249.5,2018.5
April 18,4037,5,19,153,3386.5,2029.5
April 18,4037,5,20,124,3511.5,2055.5
April 18,4037,6,21,166,3580.833,2143.167
April 18,4037,6,22,127,3706.167,2125.833
April 18,4037,6,23,128,3820.833,2097.833
April 18,4037,6,24,121,3930.167,2064.5
April 18,4038,1,1,153,1323,2068
April 18,4038,1,2,145,1419.5,2061.5
April 18,4038,1,3,138,1490.5,2053.5
April 18,4038,1,4,152,1525.5,2057.5
April 18,4038,2,5,144,1691.5,2117.833
April 18,4038,2,6,142,1749.5,2103.833
April 18,4038,2,7,134,1826.167,2087.167
April 18,4038,2,8,150,1918.167,2057.167
April 18,4038,3,9,155,2227.5,1999.5
April 18,4038,3,10,143,2281.5,2004.5
April 18,4038,3,11,167,2376.5,2015.5
April 18,4038,3,12,129,2437.5,2018.5
April 18,4038,4,13,152,2676.5,1971.5
April 18,4038,4,14,149,2803.5,1977.5
April 18,4038,4,15,146,2903.5,1991.5
April 18,4038,4,16,151,2995.5,2009.5
April 18,4038,5,17,170,3252.833,2054.5
April 18,4038,5,18,173,3338.167,2051.167
April 18,4038,5,19,166,3410.833,2050.5
April 18,4038,5,20,167,3490.167,2045.833
April 18,4038,6,21,148,3618.5,2047.5
April 18,4038,6,22,136,3766.5,2066.5
April 18,4038,6,23,122,3910.5,2096.5
April 18,4038,6,24,116,3994.5,2112.5
April 18,4039,1,1,146,1073,2144
April 18,4039,1,2,145,1190.5,2124.5
April 18,4039,1,3,140,1266.5,2147.5
April 18,4039,1,4,147,1355.5,2173.5
April 18,4039,2,5,135,1629.5,2197.5
April 18,4039,2,6,153,1763.5,2202.5
April 18,4039,2,7,147,1820.5,2205.5
April 18,4039,2,8,153,1913.5,2216.5
April 18,4039,3,9,156,2111.167,2146.167
April 18,4039,3,10,169,2181.833,2143.5
April 18,4039,3,11,158,2246.5,2160.833
April 18,4039,3,12,154,2343.833,2176.167
April 18,4039,4,13,193,2585.833,2111.833
April 18,4039,4,14,180,2665.833,2105.167
April 18,4039,4,15,170,2721.833,2105.167
April 18,4039,4,16,173,2813.833,2111.833
April 18,4039,5,17,134,2987.5,2245.5
April 18,4039,5,18,152,3096.5,2224.5
April 18,4039,5,19,146,3202.5,2222.5
April 18,4039,5,20,152,3334.5,2213.5
April 18,4039,6,21,174,3477.5,2223.5
April 18,4039,6,22,159,3606.5,2221.5
April 18,4039,6,23,158,3718.5,2222.5
April 18,4039,6,24,146,3814.5,2232.5
April 18,4040,1,1,120,1215,2136
April 18,4040,1,2,138,1323.5,2098.5
April 18,4040,1,3,132,1414.5,2092.5
April 18,4040,1,4,144,1565.5,2075.5
April 18,4040,2,5,163,1771.833,2139.167
April 18,4040,2,6,153,1877.167,2117.833
April 18,4040,2,7,156,1971.833,2109.833
April 18,4040,2,8,173,2083.833,2113.833
April 18,4040,3,9,160,2215.5,2188.5
April 18,4040,3,10,166,2293.5,2158.5
April 18,4040,3,11,157,2389.5,2158.5
April 18,4040,3,12,158,2515.5,2164.5
April 18,4040,4,13,185,2677.5,2108.5
April 18,4040,4,14,153,2788.5,2132.5
April 18,4040,4,15,171,2914.5,2142.5
April 18,4040,4,16,161,2977.5,2130.5
April 18,4040,5,17,142,3159.5,2105.5
April 18,4040,5,18,140,3276.5,2084.5
April 18,4040,5,19,132,3410.5,2101.5
April 18,4040,5,20,141,3539.5,2104.5
April 18,4042,1,1,146,1236,2049
April 18,4042,1,2,150,1295.5,2125.5
April 18,4042,1,3,135,1274.5,2219.5
April 18,4042,1,4,131,1277.5,2334.5
April 18,4042,2,5,168,1687.5,1910.5
April 18,4042,2,6,130,1651.5,2006.5
April 18,4042,2,7,136,1725.5,2214.5
April 18,4042,2,8,142,1745.5,2348.5
April 18,4042,3,9,165,2216.167,1633.833
April 18,4042,3,10,140,2226.833,1892.5
April 18,4042,3,11,121,2189.5,1983.167
April 18,4042,3,12,110,2177.5,2115.167
April 18,4042,4,13,139,2640.5,1960.5
April 18,4042,4,14,139,2710.5,2068.5
April 18,4042,4,15,132,2718.5,2230.5
April 18,4042,4,16,129,2700.5,2360.5
April 18,4042,5,17,172,2740.5,1604.5
April 18,4042,5,18,158,2822.5,1766.5
April 18,4042,5,19,155,2894.5,1868.5
April 18,4042,5,20,138,3014.5,2034.5
April 18,4042,6,21,116,3815.5,1658.5
April 18,4042,6,22,113,3733.5,1870.5
April 18,4042,6,23,123,3721.5,2102.5
April 18,4042,6,24,114,3679.5,2164.5
April 18,4043,1,1,149,1198,1764
April 18,4043,1,2,131,1163.5,1919.5
April 18,4043,1,3,123,1193.5,2037.5
April 18,4043,1,4,124,1231.5,2207.5
April 18,4043,2,5,142,1795.5,2002.5
April 18,4043,2,6,136,1781.5,2174.5
April 18,4043,2,7,131,1781.5,2264.5
April 18,4043,2,8,119,1753.5,2354.5
April 18,4043,3,9,166,2272.5,1915.167
April 18,4043,3,10,140,2292.5,1983.167
April 18,4043,3,11,143,2232.5,2120.5
April 18,4043,3,12,139,2256.5,2253.833
April 18,4043,4,13,167,2644.5,1648.5
April 18,4043,4,14,147,2620.5,1870.5
April 18,4043,4,15,142,2694.5,1948.5
April 18,4043,4,16,129,2700.5,2098.5
April 18,4043,5,17,161,3183.167,2020.167
April 18,4043,5,18,150,3213.833,2137.5
April 18,4043,5,19,138,3195.167,2225.5
April 18,4043,5,20,139,3213.833,2346.833
April 18,4043,6,21,153,3539.5,1797.5
April 18,4043,6,22,141,3627.5,1969.5
April 18,4043,6,23,124,3639.5,2061.5
April 18,4043,6,24,111,3673.5,2285.5
April 18,4044,1,1,141,1224,1601
April 18,4044,1,2,129,1222.167,1751.833
April 18,4044,1,3,120,1226.167,1857.167
April 18,4044,1,4,106,1187.5,1989.167
April 18,4044,2,5,133,1628.5,1658.5
April 18,4044,2,6,121,1688.5,1870.5
April 18,4044,2,7,111,1694.5,1990.5
April 18,4044,2,8,115,1744.5,2204.5
April 18,4044,3,9,114,2088.5,1720.5
April 18,4044,3,10,122,2124.5,1820.5
April 18,4044,3,11,110,2226.5,2048.5
April 18,4044,3,12,109,2206.5,2292.5
April 18,4044,4,13,146,2727.5,1536.5
April 18,4044,4,14,110,2765.5,1752.5
April 18,4044,4,15,113,2707.5,1888.5
April 18,4044,4,16,104,2723.5,2036.5
April 18,4044,5,17,127,3243.5,1770.5
April 18,4044,5,18,115,3235.5,1874.5
April 18,4044,5,19,110,3259.5,1968.5
April 18,4044,5,20,107,3161.5,2166.5
April 18,4044,6,21,96,3723.5,1673.5
April 18,4044,6,22,84,3715.5,1811.5
April 18,4044,6,23,90,3735.5,1965.5
April 18,4044,6,24,83,3755.5,2163.5
April 18,4045,1,1,108,1163,1992
April 18,4045,1,2,107,1240.5,2101.5
April 18,4045,1,3,105,1204.5,2169.5
April 18,4045,1,4,110,1226.5,2253.5
April 18,4045,2,5,155,1627.5,1670.5
April 18,4045,2,6,120,1604.833,1853.167
April 18,4045,2,7,131,1691.5,1975.833
April 18,4045,2,8,96,1685.5,2211.5
April 18,4045,3,9,157,2222.5,1665.5
April 18,4045,3,10,140,2272.5,1961.5
April 18,4045,3,11,123,2214.5,2123.5
April 18,4045,3,12,128,2178.5,2259.5
April 18,4045,4,13,137,2572.167,1861.167
April 18,4045,4,14,124,2640.167,1966.5
April 18,4045,4,15,120,2684.167,2041.167
April 18,4045,4,16,96,2660.167,2163.833
April 18,4045,5,17,131,3055.5,1654.5
April 18,4045,5,18,103,3103.5,1814.5
April 18,4045,5,19,110,3101.5,1958.5
April 18,4045,5,20,107,3131.5,2116.5
April 18,4045,6,21,134,3593.5,1598.5
April 18,4045,6,22,107,3587.5,1728.5
April 18,4045,6,23,109,3601.5,1896.5
April 18,4045,6,24,85,3611.5,2110.5
April 18,4046,1,1,136,1166,1712
April 18,4046,1,2,125,1189.5,1875.5
April 18,4046,1,3,106,1201.5,2039.5
April 18,4046,1,4,104,1249.5,2307.5
April 18,4046,2,5,156,1784.167,1879.833
April 18,4046,2,6,122,1750.833,2070.5
April 18,4046,2,7,117,1749.5,2202.5
April 18,4046,2,8,129,1720.167,2347.833
April 18,4046,3,9,134,2181.5,1936.5
April 18,4046,3,10,127,2195.5,2072.5
April 18,4046,3,11,127,2155.5,2204.5
April 18,4046,3,12,123,2229.5,2316.5
April 18,4046,4,13,154,2679.167,1697.167
April 18,4046,4,14,169,2620.5,1743.833
April 18,4046,4,15,128,2709.833,2035.833
April 18,4046,4,16,117,2671.5,2220.5
April 18,4046,5,17,148,3219.833,2078.833
April 18,4046,5,18,136,3230.5,2169.5
April 18,4046,5,19,131,3210.5,2249.5
April 18,4046,5,20,121,3275.833,2321.5
April 18,4046,6,21,150,3670.5,1894.167
April 18,4046,6,22,117,3709.167,2004.833
April 18,4046,6,23,115,3698.5,2150.167
April 18,4046,6,24,99,3733.167,2327.5
April 18,4047,1,1,135,1560,1680
April 18,4047,1,2,124,1557.167,1831.5
April 18,4047,1,3,108,1550.5,2048.833
April 18,4047,1,4,109,1534.5,2172.833
April 18,4047,2,5,158,1961.5,1488.5
April 18,4047,2,6,144,2003.5,1678.5
April 18,4047,2,7,138,2029.5,1838.5
April 18,4047,2,8,126,2069.5,1998.5
April 18,4047,3,9,152,2519.5,1636.5
April 18,4047,3,10,133,2561.5,1930.5
April 18,4047,3,11,133,2595.5,2054.5
April 18,4047,3,12,134,2643.5,2198.5
April 18,4049,1,1,142,1345,1776
April 18,4049,1,2,141,1350.5,1841.5
April 18,4049,1,3,126,1380.5,2003.5
April 18,4049,1,4,112,1356.5,2121.5
April 18,4049,2,5,161,1728.5,1691.5
April 18,4049,2,6,135,1740.5,1863.5
April 18,4049,2,7,152,1774.5,1943.5
April 18,4049,2,8,131,1826.5,2151.5
April 18,4049,3,9,171,2302.5,1929.5
April 18,4049,3,10,151,2326.5,2069.5
April 18,4049,3,11,126,2304.5,2147.5
April 18,4049,3,12,152,2340.5,2293.5
April 18,4049,4,13,142,2909.5,1749.5
April 18,4049,4,14,150,2891.5,1853.5
April 18,4049,4,15,141,2839.5,1979.5
April 18,4049,4,16,128,2823.5,2077.5
April 18,4049,5,17,123,3215.167,1963.167
April 18,4049,5,18,157,3307.167,2060.5
April 18,4049,5,19,159,3347.167,2171.167
April 18,4049,5,20,148,3385.833,2301.833
April 18,4049,6,21,127,3883.167,2000.833
April 18,4049,6,22,107,3791.167,2162.167
April 18,4049,6,23,125,3740.5,2248.833
April 18,4049,6,24,115,3763.167,2323.5
April 18,4050,1,1,168,1239,1521
April 18,4050,1,2,149,1252.5,1642.5
April 18,4050,1,3,121,1232.5,1832.5
April 18,4050,1,4,110,1236.5,2092.5
April 18,4050,2,5,154,1756.5,1602.5
April 18,4050,2,6,147,1726.5,1748.5
April 18,4050,2,7,130,1726.5,1862.5
April 18,4050,2,8,129,1718.5,2062.5
April 18,4050,3,9,166,2252.5,1687.5
April 18,4050,3,10,160,2282.5,1809.5
April 18,4050,3,11,126,2228.5,1961.5
April 18,4050,3,12,117,2212.5,2151.5
April 18,4050,4,13,186,2716.5,1887.5
April 18,4050,4,14,157,2724.5,1989.5
April 18,4050,4,15,142,2758.5,2105.5
April 18,4050,4,16,134,2704.5,2201.5
April 18,4050,5,17,147,3198.5,1856.5
April 18,4050,5,18,129,3200.5,1978.5
April 18,4050,5,19,120,3136.5,2038.5
April 18,4050,5,20,113,3176.833,2166.167
April 18,4050,6,21,146,3743.167,1775.5
April 18,4050,6,22,120,3708.5,1928.833
April 18,4050,6,23,108,3723.167,2000.833
April 18,4050,6,24,126,3723.167,2098.167
April 18,4051,1,1,166,1188,1529
April 18,4051,1,2,155,1245.167,1619.167
April 18,4051,1,3,148,1317.167,1883.167
April 18,4051,1,4,121,1314.5,1975.167
April 18,4051,2,5,132,1751.167,2074.5
April 18,4051,2,6,138,1787.167,2186.5
April 18,4051,2,7,152,1824.5,2237.167
April 18,4051,2,8,137,1815.167,2315.833
April 18,4051,3,9,151,2282.5,1906.5
April 18,4051,3,10,146,2310.5,2098.5
April 18,4051,3,11,124,2285.167,2150.5
April 18,4051,3,12,142,2310.5,2315.833
April 18,4051,4,13,156,2748.5,1723.5
April 18,4051,4,14,158,2822.167,1859.833
April 18,4051,4,15,156,2836.833,2109.167
April 18,4051,4,16,149,2883.5,2278.5
April 18,4051,5,17,154,3315.833,1903.833
April 18,4051,5,18,132,3255.833,1953.167
April 18,4051,5,19,124,3257.167,2098.5
April 18,4051,5,20,137,3302.5,2286.5
April 18,4051,6,21,157,3825.5,1732.5
April 18,4051,6,22,128,3847.5,1886.5
April 18,4051,6,23,129,3849.5,2110.5
April 18,4051,6,24,109,3851.5,2242.5
April 18,4052,1,1,131,1321,1633
April 18,4052,1,2,110,1234.5,1944.5
April 18,4052,1,3,121,1280.5,2152.5
April 18,4052,1,4,98,1217.833,2200.167
April 18,4052,2,5,148,1664.167,1633.833
April 18,4052,2,6,141,1653.5,1741.833
April 18,4052,2,7,134,1641.5,1889.833
April 18,4052,2,8,138,1662.833,1988.5
April 18,4052,3,9,137,2143.5,1726.5
April 18,4052,3,10,144,2137.5,1848.5
April 18,4052,3,11,123,2139.5,2014.5
April 18,4052,3,12,129,2131.5,2184.5
April 18,4052,4,13,185,2817.5,1458.5
April 18,4052,4,14,171,2715.5,1564.5
April 18,4052,4,15,175,2669.5,1624.5
April 18,4052,4,16,165,2625.5,1864.5
April 18,4052,5,17,115,3187.5,1716.5
April 18,4052,5,18,106,3219.5,1902.5
April 18,4052,5,19,107,3185.5,2052.5
April 18,4052,5,20,105,3189.5,2178.5
April 18,4052,6,21,127,3887.5,1748.5
April 18,4052,6,22,143,3815.5,1860.5
April 18,4052,6,23,122,3783.5,1960.5
April 18,4052,6,24,119,3721.5,2102.5
April 18,4053,1,1,125,1306,1978
April 18,4053,1,2,97,1313.5,2151.167
April 18,4053,1,3,80,1297.5,2196.5
April 18,4053,1,4,91,1300.167,2288.5
April 18,4053,2,5,179,1893.5,1618.5
April 18,4053,2,6,154,1931.5,1732.5
April 18,4053,2,7,91,1843.5,2142.5
April 18,4053,2,8,113,1843.5,2240.5
April 18,4053,3,9,138,2333.833,1880.167
April 18,4053,3,10,145,2292.5,1953.5
April 18,4053,3,11,145,2323.167,1988.167
April 18,4053,3,12,131,2263.167,2108.167
April 18,4053,4,13,179,2723.5,1472.5
April 18,4053,4,14,150,2733.5,1594.5
April 18,4053,4,15,127,2763.5,1696.5
April 18,4053,4,16,135,2729.5,1932.5
April 18,4053,5,17,142,3231.5,1692.5
April 18,4053,5,18,150,3265.5,1832.5
April 18,4053,5,19,140,3305.5,1950.5
April 18,4053,5,20,130,3305.5,2066.5
April 18,4053,6,21,112,3803.5,1697.5
April 18,4053,6,22,95,3811.5,1817.5
April 18,4053,6,23,100,3807.5,1951.5
April 18,4053,6,24,98,3831.5,2017.5
April 18,4054,1,1,156,1312,1525
April 18,4054,1,2,129,1277.167,1669.167
April 18,4054,1,3,124,1223.833,1801.167
April 18,4054,1,4,116,1266.5,1914.5
April 18,4054,2,5,135,1671.5,1610.5
April 18,4054,2,6,119,1670.167,1771.833
April 18,4054,2,7,130,1679.5,1866.5
April 18,4054,2,8,132,1698.167,2010.5
April 18,4054,3,9,170,2213.167,1574.5
April 18,4054,3,10,129,2222.5,1649.167
April 18,4054,3,11,120,2297.167,2005.167
April 18,4054,3,12,95,2254.5,2199.833
April 18,4054,4,13,152,2813.5,1810.5
April 18,4054,4,14,144,2770.5,1895.5
April 18,4054,4,15,135,2765.5,1987.5
April 18,4054,4,16,139,2763.5,2104.5
April 18,4054,5,17,206,3042.5,1631.833
April 18,4054,5,18,178,3098.5,1762.5
April 18,4054,5,19,171,3103.833,1863.833
April 18,4054,5,20,159,3153.167,1998.5
April 18,4054,6,21,163,3578.5,1846.5
April 18,4054,6,22,153,3640.167,1971.167
April 18,4054,6,23,137,3644.167,2065.833
April 18,4054,6,24,135,3664.167,2153.833
April 18,4055,1,1,132,1193,1899
April 18,4055,1,2,152,1265.167,1978.5
April 18,4055,1,3,121,1269.167,2105.167
April 18,4055,1,4,113,1289.167,2241.167
April 18,4055,2,5,123,1798.5,1924.167
April 18,4055,2,6,124,1802.5,2053.5
April 18,4055,2,7,120,1797.167,2102.833
April 18,4055,2,8,102,1807.833,2192.167
April 18,4055,3,9,163,2235.5,1625.5
April 18,4055,3,10,156,2243.5,1755.5
April 18,4055,3,11,129,2243.5,1995.5
April 18,4055,3,12,122,2267.5,2097.5
April 18,4055,4,13,172,2711.5,1749.5
April 18,4055,4,14,160,2775.167,1877.167
April 18,4055,4,15,141,2768.5,1957.167
April 18,4055,4,16,137,2775.167,2207.833
April 18,4055,5,17,152,3222.5,1920.5
April 18,4055,5,18,153,3268.5,2010.5
April 18,4055,5,19,141,3270.5,2128.5
April 18,4055,5,20,149,3290.5,2184.5
April 18,4055,6,21,151,3797.5,1502.5
April 18,4055,6,22,149,3807.5,1606.5
April 18,4055,6,23,136,3771.5,1744.5
April 18,4055,6,24,126,3769.5,2084.5
April 18,4056,1,1,172,1233,1624
April 18,4056,1,2,161,1260.5,1751.5
April 18,4056,1,3,147,1298.5,1927.5
April 18,4056,1,4,135,1300.5,2025.5
April 18,4056,2,5,166,1720.5,1602.5
April 18,4056,2,6,123,1734.5,1792.5
April 18,4056,2,7,117,1778.5,1904.5
April 18,4056,2,8,134,1794.5,2198.5
April 18,4056,3,9,147,2190.833,1995.167
April 18,4056,3,10,164,2201.5,2069.833
April 18,4056,3,11,150,2237.5,2308.5
April 18,4056,3,12,172,2230.833,2360.5
April 18,4056,4,13,209,2608.5,1671.5
April 18,4056,4,14,193,2616.5,1751.5
April 18,4056,4,15,194,2654.5,1819.5
April 18,4056,4,16,168,2672.5,2003.5
April 18,4056,5,17,159,3219.5,1883.833
April 18,4056,5,18,144,3208.833,1978.5
April 18,4056,5,19,116,3240.833,2046.5
April 18,4056,5,20,101,3215.5,2243.833
April 18,4056,6,21,190,3514.5,1672.5
April 18,4056,6,22,160,3544.5,1792.5
April 18,4056,6,23,141,3610.5,1962.5
April 18,4056,6,24,138,3688.5,2188.5
April 18,4057,1,1,175,1258,1713
April 18,4057,1,2,144,1280.833,1856.833
April 18,4057,1,3,143,1304.833,1940.833
April 18,4057,1,4,121,1262.167,2164.833
April 18,4057,2,5,191,1714.5,1673.5
April 18,4057,2,6,165,1766.5,2053.5
April 18,4057,2,7,125,1778.5,2227.5
April 18,4057,2,8,124,1766.5,2325.5
April 18,4057,3,9,160,2259.5,1700.5
April 18,4057,3,10,176,2291.5,1754.5
April 18,4057,3,11,156,2315.5,1968.5
April 18,4057,3,12,142,2279.5,2144.5
April 18,4057,4,13,192,2691.5,1616.5
April 18,4057,4,14,185,2727.5,1744.5
April 18,4057,4,15,155,2750.167,1927.167
April 18,4057,4,16,143,2763.5,1967.167
April 18,4057,5,17,137,3211.5,1905.5
April 18,4057,5,18,124,3163.5,2095.167
April 18,4057,5,19,96,3186.167,2176.5
April 18,4057,5,20,104,3160.833,2215.167
April 18,4057,6,21,128,3746.833,1829.5
April 18,4057,6,22,124,3736.167,1908.167
April 18,4057,6,23,122,3712.167,1998.833
April 18,4057,6,24,112,3761.5,2088.167
April 18,4058,1,1,145,1297,1802
April 18,4058,1,2,132,1263.833,1860.5
April 18,4058,1,3,140,1323.833,1929.833
April 18,4058,1,4,137,1331.833,2017.833
April 18,4058,2,5,180,1800.5,1538.833
April 18,4058,2,6,158,1804.5,1640.167
April 18,4058,2,7,154,1817.833,1730.833
April 18,4058,2,8,142,1793.833,1973.5
April 18,4058,3,9,145,2202.833,1569.833
April 18,4058,3,10,164,2225.5,1625.833
April 18,4058,3,11,153,2220.167,1695.167
April 18,4058,3,12,135,2232.167,1917.833
April 18,4058,4,13,170,2715.5,1466.5
April 18,4058,4,14,146,2729.5,1614.5
April 18,4058,4,15,149,2757.5,1746.5
April 18,4058,4,16,115,2743.5,2116.5
April 18,4058,5,17,170,3113.5,1592.5
April 18,4058,5,18,172,3171.5,1696.5
April 18,4058,5,19,149,3225.5,1796.5
April 18,4058,5,20,125,3241.5,2048.5
April 18,4058,6,21,169,3667.5,1752.5
April 18,4058,6,22,130,3721.5,1888.5
April 18,4058,6,23,117,3739.5,1994.5
April 18,4058,6,24,112,3783.5,2080.5
April 18,4059,1,1,129,1284,1615
April 18,4059,1,2,121,1259.5,1756.5
April 18,4059,1,3,130,1305.5,1940.5
April 18,4059,1,4,119,1305.5,2060.5
April 18,4059,2,5,173,1669.5,1648.5
April 18,4059,2,6,159,1697.5,1768.5
April 18,4059,2,7,143,1761.5,1946.5
April 18,4059,2,8,124,1747.5,2088.5
April 18,4059,3,9,162,2228.5,1574.5
April 18,4059,3,10,154,2272.5,1774.5
April 18,4059,3,11,165,2266.5,1904.5
April 18,4059,3,12,115,2298.5,2144.5
April 18,4059,4,13,144,2844.5,1986.5
April 18,4059,4,14,155,2780.5,2072.5
April 18,4059,4,15,144,2784.5,2134.5
April 18,4059,4,16,121,2794.5,2212.5
April 18,4059,5,17,173,3224.5,1584.5
April 18,4059,5,18,164,3262.5,1728.5
April 18,4059,5,19,159,3262.5,1812.5
April 18,4059,5,20,157,3230.5,1994.5
April 18,4059,6,21,170,3688.5,1834.5
April 18,4059,6,22,120,3736.5,1956.5
April 18,4059,6,23,124,3756.5,2030.5
April 18,4059,6,24,115,3752.5,2128.5
April 18,4060,1,1,192,1632,1614
April 18,4060,1,2,166,1647.5,1763.5
April 18,4060,1,3,165,1673.5,1867.5
April 18,4060,1,4,154,1673.5,2041.5
April 18,4060,2,5,152,2201.5,1977.5
April 18,4060,2,6,138,2197.5,2027.5
April 18,4060,2,7,133,2201.5,2153.5
April 18,4060,2,8,125,2189.5,2321.5
April 18,4060,3,9,175,2639.5,1651.5
April 18,4060,3,10,143,2683.5,1785.5
April 18,4060,3,11,149,2693.5,1885.5
April 18,4060,3,12,135,2653.5,2079.5
April 18,4060,4,13,161,3343.5,1767.5
April 18,4060,4,14,158,3335.5,1897.5
April 18,4060,4,15,165,3317.5,2035.5
April 18,4060,4,16,142,3337.5,2203.5
April 18,4062,1,1,164,1231,1836
April 18,4062,1,2,126,1223.833,1978.5
April 18,4062,1,3,133,1245.167,2023.833
April 18,4062,1,4,106,1267.833,2209.167
April 18,4062,2,5,171,1703.5,1853.5
April 18,4062,2,6,142,1699.5,1910.833
April 18,4062,2,7,129,1756.833,2140.167
April 18,4062,2,8,126,1739.5,2253.5
April 18,4062,3,9,175,2282.833,1675.5
April 18,4062,3,10,172,2296.167,1843.5
April 18,4062,3,11,158,2294.833,1980.833
April 18,4062,3,12,140,2262.833,2174.167
April 18,4062,4,13,165,2697.5,1659.5
April 18,4062,4,14,156,2739.5,1817.5
April 18,4062,4,15,128,2725.5,1973.5
April 18,4062,4,16,139,2753.5,2159.5
April 18,4062,5,17,155,3179.5,1721.5
April 18,4062,5,18,153,3207.5,1863.5
April 18,4062,5,19,138,3233.5,2023.5
April 18,4062,5,20,139,3237.5,2225.5
April 18,4062,6,21,121,3849.5,1663.5
April 18,4062,6,22,119,3793.5,1819.5
April 18,4062,6,23,109,3847.5,1929.5
April 18,4062,6,24,109,3739.5,2177.5
April 18,4063,1,1,145,1207,1997
April 18,4063,1,2,123,1230.5,2062.5
April 18,4063,1,3,113,1251.833,2166.5
April 18,4063,1,4,118,1291.833,2254.5
April 18,4063,2,5,185,1854.5,1728.5
April 18,4063,2,6,155,1800.5,1848.5
April 18,4063,2,7,147,1804.5,1930.5
April 18,4063,2,8,147,1764.5,2050.5
April 18,4063,3,9,179,2314.5,1664.5
April 18,4063,3,10,167,2275.833,1779.167
April 18,4063,3,11,153,2298.5,1875.167
April 18,4063,3,12,154,2261.167,2071.167
April 18,4063,4,13,157,2717.167,1954.833
April 18,4063,4,14,137,2761.167,2002.833
April 18,4063,4,15,140,2783.833,2081.5
April 18,4063,4,16,131,2762.5,2154.833
April 18,4063,5,17,141,3191.5,1547.5
April 18,4063,5,18,136,3195.5,1603.5
April 18,4063,5,19,133,3213.5,1695.5
April 18,4063,5,20,120,3249.5,1871.5
April 18,4063,6,21,140,3693.5,1635.5
April 18,4063,6,22,111,3699.5,1805.5
April 18,4063,6,23,116,3805.5,2097.5
April 18,4063,6,24,91,3815.5,2265.5
April 18,4064,1,1,122,1144,1998
April 18,4064,1,2,135,1142.5,2116.5
April 18,4064,1,3,124,1149.167,2228.5
April 18,4064,1,4,124,1114.5,2315.167
April 18,4064,2,5,152,1761.167,1684.833
April 18,4064,2,6,154,1779.833,1826.167
April 18,4064,2,7,143,1719.833,1928.833
April 18,4064,2,8,128,1751.833,2074.167
April 18,4064,3,9,195,2047.833,1758.5
April 18,4064,3,10,141,2125.167,1923.833
April 18,4064,3,11,146,2167.833,1986.5
April 18,4064,3,12,127,2159.833,2157.167
April 18,4064,4,13,156,2667.5,1890.5
April 18,4064,4,14,140,2629.5,2006.5
April 18,4064,4,15,112,2681.5,2112.5
April 18,4064,4,16,99,2713.5,2318.5
April 18,4064,5,17,178,2949.5,1698.5
April 18,4064,5,18,152,3105.5,1872.5
April 18,4064,5,19,130,3159.5,1971.5
April 18,4064,5,20,116,3231.5,2105.5
April 18,4064,6,21,160,3665.5,1639.5
April 18,4064,6,22,151,3707.5,1805.5
April 18,4064,6,23,139,3745.5,1991.5
April 18,4064,6,24,120,3707.5,2197.5
April 18,4065,1,1,171,1246,1870
April 18,4065,1,2,120,1255.5,1993.5
April 18,4065,1,3,108,1279.5,2111.5
April 18,4065,1,4,110,1263.5,2287.5
April 18,4065,2,5,155,1703.5,1675.5
April 18,4065,2,6,135,1647.5,1801.5
April 18,4065,2,7,135,1675.5,2035.5
April 18,4065,2,8,103,1663.5,2277.5
April 18,4065,3,9,174,2220.5,1721.5
April 18,4065,3,10,152,2222.5,1959.5
April 18,4065,3,11,151,2154.5,2079.5
April 18,4065,3,12,141,2188.5,2207.5
April 18,4065,4,13,156,2658.5,1911.5
April 18,4065,4,14,153,2636.5,2003.5
April 18,4065,4,15,140,2638.5,2129.5
April 18,4065,4,16,130,2644.5,2327.5
April 18,4065,5,17,134,3158.833,2033.167
April 18,4065,5,18,126,3161.5,2078.5
April 18,4065,5,19,127,3156.167,2155.833
April 18,4065,5,20,126,3160.167,2246.5
April 18,4065,6,21,173,3549.5,1651.5
April 18,4065,6,22,134,3651.5,1949.5
April 18,4065,6,23,141,3643.5,2107.5
April 18,4065,6,24,125,3671.5,2249.5
April 18,4066,1,1,137,1075,1642
April 18,4066,1,2,143,1132.5,1747.5
April 18,4066,1,3,127,1154.5,1877.5
April 18,4066,1,4,118,1242.5,2047.5
April 18,4066,2,5,185,1683.167,1779.167
April 18,4066,2,6,166,1711.167,1843.167
April 18,4066,2,7,141,1708.5,1947.167
April 18,4066,2,8,121,1741.833,2132.5
April 18,4066,3,9,180,2435.5,1565.5
April 18,4066,3,10,149,2361.5,1733.5
April 18,4066,3,11,127,2285.5,1939.5
April 18,4066,3,12,119,2243.5,2093.5
April 18,4066,4,13,160,2797.5,1827.5
April 18,4066,4,14,139,2749.5,1967.5
April 18,4066,4,15,124,2721.5,2101.5
April 18,4066,4,16,102,2713.5,2185.5
April 18,4066,5,17,155,3101.5,1623.5
April 18,4066,5,18,145,3111.5,1879.5
April 18,4066,5,19,124,3215.5,2007.5
April 18,4066,5,20,115,3201.5,2129.5
April 18,4066,6,21,126,3649.5,1641.5
April 18,4066,6,22,104,3719.5,1793.5
April 18,4066,6,23,80,3731.5,1987.5
April 18,4066,6,24,69,3785.5,2255.5