gene,annot,baseMean,log2FoldChange,lfcSE,stat,pvalue,padj,Contrast
Symbiodinium33404,NA,21.77549506799846,-1.0063447556253964,0.25018279384763875,-4.022437914888184,5.75988397321959e-5,0.028756220736298802,Variable vs Control
Symbiodinium40339,NA,23.39232123976643,-1.3737008769918082,0.23668089546395069,-5.80402095529945,6.474317998102601e-9,2.585842608442179e-5,Variable vs Control
Symbiodinium10122,RNA-binding protein mei2 homologue,4.02970253348884,1.5596687562194327,0.3051413575175425,5.111299133319768,3.1995089678308643e-7,8.326867521005634e-5,Variable vs Initial
Symbiodinium11365,"Component of the cytochrome b6-f complex, which mediates electron transfer between photosystem II (PSII) and photosystem I (PSI), cyclic electron flow around PSI, and state transitions",8.667437721907898,1.0231455801664942,0.27725477732801024,3.690272138957761,2.24014271285119e-4,0.016194647874622187,Variable vs Initial
Symbiodinium13325,Mediates cleavage of dimethlysulfonioproprionate (DMSP) into dimethyl sulfide (DMS) and acrylate. DMS is the principal form by which sulfur is transported from oceans to the atmosphere and is a key component of the ocean sulfur cycle,29.505129160005612,1.1684786282861224,0.27973580369643053,4.1770792756802635,2.9527613661038577e-5,0.0037075286135447912,Variable vs Initial
Symbiodinium14152,Cytochrome b6-f complex subunit,9.652969152338901,1.4325848136885067,0.2884645334538069,4.966242458079904,6.826260252808967e-7,1.684673952736337e-4,Variable vs Initial
Symbiodinium15132,Belongs to the AB hydrolase superfamily. Lipase family,13.585831813184907,1.5259951851460862,0.33463948770434376,4.56011690555274,5.112515084738794e-6,9.382120631147577e-4,Variable vs Initial
Symbiodinium15306,NA,12.007592347774766,2.678491533866977,0.34707466420669747,7.717335230991748,1.1878693560975787e-14,2.1253952453975927e-11,Variable vs Initial
Symbiodinium17083,NA,147.71042158799898,2.6988881484079723,0.3303534384880389,8.169698976829904,3.091598888294385e-16,7.375524414507637e-13,Variable vs Initial
Symbiodinium17110,COG NOG15344 non supervised orthologous group,281.7552034644471,2.0726181565150856,0.2857864450908975,7.252331914677992,4.096564750015274e-13,4.5106329101322027e-10,Variable vs Initial
Symbiodinium18242,"oxidoreductase activity, oxidizing metal ions, oxygen as acceptor",23.200972619443142,1.1493190782492713,0.24789796669767175,4.636258592838493,3.5477209034805464e-6,6.830905450585583e-4,Variable vs Initial
Symbiodinium19887,PFAM Acetyltransferase (GNAT) family,4.045401070217719,1.2414641969842182,0.30725902754576745,4.040448239716235,5.33491387976542e-5,0.005494870687975554,Variable vs Initial
Symbiodinium20445,NA,7.748897496467505,1.8380768658450601,0.2722991815819849,6.750210761436478,1.4763054496632216e-11,1.2430491886164326e-8,Variable vs Initial
Symbiodinium2116,NA,1668.611882183526,1.4290284869363423,0.22072389727230277,6.474280785162912,9.526460580188003e-11,6.198261670218685e-8,Variable vs Initial
Symbiodinium21784,"form. Deacetylates the N-terminal lysine residue of Alba, the major archaeal chromatin protein and that, in turn, increases Alba's DNA binding affinity, thereby repressing transcription",29.118951905221316,-1.0046770112107,0.16528564400377105,-6.0784287544523705,1.2136588415857715e-9,5.603971825309269e-7,Variable vs Initial
Symbiodinium22832,NA,174.43049447284682,3.2038776717071955,0.45062808219955836,7.109804733137724,1.1620724841101716e-12,1.188136109825214e-9,Variable vs Initial
Symbiodinium22999,NA,3.3377185288989217,1.2586755657166562,0.32205388721621314,3.9082762720129365,9.295697308482474e-5,0.008736323253023308,Variable vs Initial
Symbiodinium23536,NA,3.539519772207479,1.750590850359972,0.35364744638881557,4.950101770098166,7.417468437362138e-7,0.00017995532747864686,Variable vs Initial
Symbiodinium23563,NA,12.27454016248022,1.729944161816779,0.26937741642763147,6.422008885371913,1.3448757028982808e-10,8.369804700559126e-8,Variable vs Initial
Symbiodinium24100,NA,63.2309733026937,-1.0189165372100217,0.15577887964412798,-6.540787425982938,6.119576304250148e-11,4.6102955378440326e-8,Variable vs Initial
Symbiodinium24577,NA,4.785072619120298,1.1784489271347183,0.3069977468179978,3.8386240268836773,1.237257135436783e-4,0.010668734118459105,Variable vs Initial
Symbiodinium24592,Green fluorescent protein,11.823430646244946,2.238751453423319,0.2856415369038693,7.837625709795685,4.591452005823985e-15,9.388863430194932e-12,Variable vs Initial
Symbiodinium25286,NA,208.3681395757908,-1.0173311811674681,0.1235988315061328,-8.230912612770046,1.8579247522674996e-16,5.318866980791398e-13,Variable vs Initial
Symbiodinium26019,NA,58.67995364062625,1.0851230271047807,0.2631876180772448,4.123001815329703,3.7396675014346636e-5,0.004316903275446433,Variable vs Initial
Symbiodinium26021,NA,5.8793622214676935,1.0002554754205364,0.2533272444662712,3.9484717781853647,7.865168609851778e-5,0.007711097498727284,Variable vs Initial
Symbiodinium26193,NA,43.28239799945042,1.0536053631486588,0.11836146466118001,8.901591123130284,5.50517384027e-19,2.6267019449874925e-15,Variable vs Initial
Symbiodinium26573,NA,4.94615343638595,-1.0884595625351892,0.3338905522684181,-3.2599292047657737,0.0011144002631483332,0.04833795565668255,Variable vs Initial
Symbiodinium26689,NA,32.844672900739894,-1.0735873944729366,0.14543737775308294,-7.381784593886348,1.5618173785466643e-13,2.0323503596833593e-10,Variable vs Initial
Symbiodinium27056,NA,10372.357539030862,1.2705704717824076,0.19573029127191183,6.491435043221336,8.502256875865387e-11,5.795300234339864e-8,Variable vs Initial
Symbiodinium27195,Cytochrome c oxidase is the component of the respiratory chain that catalyzes the reduction of oxygen to water. Subunits 1- 3 form the functional core of the enzyme complex. CO I is the catalytic subunit of the enzyme. Electrons originating in cytochrome c are transferred via the copper A center of subunit 2 and heme A of subunit 1 to the bimetallic center formed by heme A3 and copper B,7607.8016980728435,1.007053216764681,0.16257571290810796,6.194364451804027,5.852067697865002e-10,2.9916606081157017e-7,Variable vs Initial
Symbiodinium27890,NA,18.241978021244634,-1.341757041921023,0.1846344867348223,-7.267098718388919,3.6729040058609015e-13,4.3811623283244115e-10,Variable vs Initial
Symbiodinium27982,40s ribosomal protein,10.70768272590911,-1.2623531108016122,0.2533973691103575,-4.981713564089305,6.302367716792252e-7,1.5826682718976192e-4,Variable vs Initial
Symbiodinium28079,NA,7.3887200172083505,-1.079128081809855,0.2670842715675111,-4.040402961494058,5.335944010259899e-5,0.005494870687975554,Variable vs Initial
Symbiodinium28162,NA,11.60839664007607,-1.4182678690352895,0.2360235458509502,-6.009010092285162,1.8665950698110996e-9,8.349513071648774e-7,Variable vs Initial
Symbiodinium28305,NA,25.635763611882503,-1.5046524842973714,0.21301960470053347,-7.063446044849426,1.6242328559033124e-12,1.4965035504035664e-9,Variable vs Initial
Symbiodinium28971,NA,3.341967385500116,1.050225087518814,0.32090905976802087,3.2726563976660614,0.0010654191035098163,0.046789163114625776,Variable vs Initial
Symbiodinium29091,NA,7.084571801026337,-1.520080847770923,0.3323966018530788,-4.573093826160134,4.8057480341254235e-6,8.933698358502769e-4,Variable vs Initial
Symbiodinium30826,NA,4.110918253543251,-1.9422531972885568,0.4317984553023979,-4.498054991716805,6.857796126634922e-6,0.0011283045259385318,Variable vs Initial
Symbiodinium31219,NA,6.9327037350263865,-1.3509174833533188,0.3034221204070471,-4.452270920594171,8.496686702020096e-6,0.0013077588543302758,Variable vs Initial
Symbiodinium32115,2-acylglycerol O-acyltransferase activity,8.790774920971282,-1.7419345717540438,0.29257022009429556,-5.953902523615073,2.6182278242754114e-9,1.1356761538387345e-6,Variable vs Initial
Symbiodinium32947,NA,6.658143715162296,-1.1074320902016568,0.3046422876350735,-3.635188334484388,2.7777763109178673e-4,0.018755231186074698,Variable vs Initial
Symbiodinium36271,NA,4.884855302609795,-1.1385236277927395,0.31655677578473307,-3.5965858730092877,3.2242117639830783e-4,0.020684726002427326,Variable vs Initial
Symbiodinium40339,NA,23.39232123976643,-1.470113616471307,0.1950655669512762,-7.53651010502799,4.827155803196725e-14,7.677323129661992e-11,Variable vs Initial
Symbiodinium43276,NA,3.472804674400193,1.178375726758469,0.3224422280860309,3.6545328871876737,2.576506371827647e-4,0.017979341653125487,Variable vs Initial
Symbiodinium44203,NA,6.290665147561072,-1.2053128633225703,0.30845475071428635,-3.9075840476810173,9.322361729572259e-5,0.008736323253023308,Variable vs Initial
Symbiodinium44682,NA,4.174506251486866,1.1222271945112656,0.29966926200702754,3.7448859018611937,1.8047577613382703e-4,0.01396394734907892,Variable vs Initial
Symbiodinium45086,NA,8.792311933702944,-1.1742042573255005,0.23528773914961673,-4.990503379263794,6.022214697847207e-7,1.5393210925890167e-4,Variable vs Initial
Symbiodinium45457,NA,4.922623058688065,1.0820053688342017,0.2932045737614905,3.6902745238700376,2.2401217101148437e-4,0.016194647874622187,Variable vs Initial
Symbiodinium47634,Belongs to the peptidase S10 family,3.5390243628747973,1.2755116352305207,0.351961015599755,3.6240139637539124,2.900659341778566e-4,0.018958921378181913,Variable vs Initial
Symbiodinium48098,NA,4.785057778838556,1.0027546324785128,0.2876302935853388,3.486262243031085,4.898205753205153e-4,0.028110966028363476,Variable vs Initial
Symbiodinium5075,cAMP-dependent protein kinase activity,6.068441116360125,1.001237876249121,0.25681351463446794,3.898696210260661,9.671201703671095e-5,0.008873947511945389,Variable vs Initial
Symbiodinium50751,NA,4.907574536244249,1.1807918376147377,0.3170276055521334,3.724571037144471,1.9564761590553536e-4,0.015056451473504479,Variable vs Initial
Symbiodinium51623,Conserved hypothetical ATP binding protein,4.149619223968676,1.0725436647195408,0.32172813568120356,3.3336955826030428,8.570039618825899e-4,0.04130355121342556,Variable vs Initial
Symbiodinium51769,NA,3.7911604140024404,1.1501970176445862,0.32327185273526354,3.5579869014656063,3.737079443017119e-4,0.02286006630228506,Variable vs Initial
Symbiodinium52251,NA,7.833891366141707,1.0131223340431097,0.21498689512475783,4.712484142138945,2.447151298153479e-6,5.151253482613073e-4,Variable vs Initial
Symbiodinium52835,NA,5.064139588025961,1.0467975111104233,0.32057446255959676,3.26538022633608,0.0010931722643978744,0.047561300281432135,Variable vs Initial
Symbiodinium52884,NA,3.3515693473340624,1.3828635837956667,0.3208824998880695,4.30956373213883,1.635769146862059e-5,0.0022299428160174775,Variable vs Initial
Symbiodinium53401,NA,3.4726681902329255,1.2282685678907037,0.30081560965772813,4.083127764839875,4.443357740217259e-5,0.00489247866872845,Variable vs Initial
Symbiodinium55214,Responsible for synthesis of pseudouridine from uracil,12.252172371484576,1.0132034764165478,0.19010133642569593,5.329807225277315,9.831707019766206e-8,3.2124967280591e-5,Variable vs Initial
Symbiodinium56090,NA,34.99017079969262,1.5695146969448768,0.2889096906709334,5.432544312722779,5.555615128164288e-8,1.9880768736135904e-5,Variable vs Initial
Symbiodinium56639,NA,5.3271830522279,1.0324560147227493,0.2686325711078666,3.843376141860986,1.2135325727064289e-4,0.010556140850464,Variable vs Initial
Symbiodinium5915,NA,3.3760182343921143,1.0949114790147432,0.33184802661792484,3.2994364624484445,9.687915555943363e-4,0.04430441637948028,Variable vs Initial
Symbiodinium59644,DNA-binding transcription factor activity,2343.540678249579,1.0715044073416737,0.20240586751884296,5.293840640474131,1.197738173362173e-7,3.7270487420665536e-5,Variable vs Initial
Symbiodinium61339,NA,13.367019241122149,-1.038745664650464,0.21460929727904426,-4.840170849168022,1.2972755303900875e-6,2.90143780343808e-4,Variable vs Initial
Symbiodinium62953,NA,28.433204483971057,1.2952740910334657,0.2796545088004364,4.631693930448241,3.626860515890068e-6,6.830905450585583e-4,Variable vs Initial
Symbiodinium63887,actin monomer binding,3216.842008359441,1.083804668659379,0.24589039078928954,4.407673944396314,1.044866800209943e-5,0.0015418786987840335,Variable vs Initial
Symbiodinium6509,NA,4.467334744645077,1.0053811096149385,0.3014616144577319,3.3350219775854866,8.529265797292815e-4,0.04124591575082748,Variable vs Initial
Symbiodinium67058,NA,13.85736799751895,-1.3502655140458488,0.41006535263865007,-3.2928056597741966,9.919301236199453e-4,0.044790182301248885,Variable vs Initial
Symbiodinium70865,NA,950.4944489187257,1.01644278813739,0.23873545069450583,4.25761144890905,2.0662266084669546e-5,0.002738515525332962,Variable vs Initial
Symbiodinium71546,60S ribosomal protein,1933.797532809003,1.3043826315262168,0.22160480631891985,5.886075546795815,3.954735966721258e-9,1.6649438419896498e-6,Variable vs Initial
Symbiodinium74449,Belongs to the eukaryotic ribosomal protein eS8 family,6.0083676096974905,1.4568978018123657,0.3197327016500384,4.556611801963895,5.198537388953464e-6,9.419223314617707e-4,Variable vs Initial
Symbiodinium75213,antioxidant activity,4.898659140149326,1.1344326872649504,0.34140222449784985,3.322862611494481,8.909878553714686e-4,0.04181508249766296,Variable vs Initial
Symbiodinium8320,NA,4.805394194836948,1.0322188699078807,0.2937279231677247,3.514200688772999,4.410794376406487e-4,0.025875455206509204,Variable vs Initial
Symbiodinium11359,Ribosomal protein L14p/L23e,61.331649417983726,1.0089225859595847,0.24877069154189,4.055632838845464,4.999874685309045e-5,0.008083888298020125,Control vs Initial
Symbiodinium11972,NA,36.335534154213015,1.2452421785249213,0.19487142191131404,6.390070777497743,1.658089905340676e-10,1.6348070761822542e-7,Control vs Initial
Symbiodinium14152,Cytochrome b6-f complex subunit,9.652969152338901,1.7149842748941169,0.31106964437765744,5.513184284905736,3.5239890050938895e-8,1.70929484878895e-5,Control vs Initial
Symbiodinium15306,NA,12.007592347774766,3.001691050905144,0.37123429275098657,8.085705198896033,6.180552177334619e-16,1.648816807108443e-12,Control vs Initial
Symbiodinium15596,NA,232.21317072331172,1.4176088348961844,0.410645167189615,3.452150294615801,5.561378574728503e-4,0.038041968442902474,Control vs Initial
Symbiodinium17083,NA,147.71042158799898,1.6898409016131024,0.35603243255132055,4.746311703975224,2.071593920052649e-6,6.140549644689394e-4,Control vs Initial
Symbiodinium17110,COG NOG15344 non supervised orthologous group,281.7552034644471,1.5071372969098191,0.30691115058755175,4.910663213195579,9.076886907270828e-7,3.2286486729162336e-4,Control vs Initial
Symbiodinium20109,NA,10.496476601974248,-1.2276495659210007,0.2892559144902748,-4.2441640928392355,2.1940975922230906e-5,0.004335780630854185,Control vs Initial
Symbiodinium20445,NA,7.748897496467505,1.1647108601555465,0.32536442020094447,3.5797118180169276,3.4397333476769167e-4,0.028419792087310453,Control vs Initial
Symbiodinium2116,NA,1668.611882183526,1.5112419522739544,0.23659033821195927,6.387589466650348,1.6852101806770495e-10,1.6348070761822542e-7,Control vs Initial
Symbiodinium22832,NA,174.43049447284682,2.172587244296887,0.4852790925425464,4.476985053928338,7.570454719405106e-6,0.0017188153683142954,Control vs Initial
Symbiodinium23563,NA,12.27454016248022,1.7713081241006385,0.2956153027770296,5.991936504845499,2.0735689075658455e-9,1.5805038437596526e-6,Control vs Initial
Symbiodinium24100,NA,63.2309733026937,-1.0005810475901626,0.1718237833532892,-5.823297730168439,5.769763442457344e-9,3.6217144526154307e-6,Control vs Initial
Symbiodinium24298,NA,6.375122911503537,1.1974488970557136,0.33710855680143037,3.5521165894375564,3.821454941972144e-4,0.029549815714336774,Control vs Initial
Symbiodinium24592,Green fluorescent protein,11.823430646244946,2.4408634969636904,0.3082036075241094,7.919646095553091,2.3818755189608946e-15,5.083398732566341e-12,Control vs Initial
Symbiodinium25286,NA,208.3681395757908,-1.3239143333089836,0.13660882913527483,-9.691279412094202,3.283888440020533e-22,3.504237354345911e-18,Control vs Initial
Symbiodinium26019,NA,58.67995364062625,1.130947552501407,0.2905038708898527,3.893055018637657,9.898969081108143e-5,0.013203987383063123,Control vs Initial
Symbiodinium26936,NA,6.419570286474049,-1.3052115268184876,0.3500960700691562,-3.728152465580841,1.9288867579672668e-4,0.02166647430975653,Control vs Initial
Symbiodinium27056,NA,10372.357539030862,1.2996669977671882,0.20973972620807754,6.196570488882116,5.770669242393844e-10,4.736831652737285e-7,Control vs Initial
Symbiodinium29618,Sodium:solute symporter family,28.04965598965934,-1.0552615679488428,0.17750118612719748,-5.945095866529262,2.7629510632746778e-9,1.9655633864136056e-6,Control vs Initial
Symbiodinium29675,26S proteasome non-ATPase regulatory subunit 2,6.541328788889721,1.0664837499896391,0.29665538587666324,3.595025746247661,3.24359498109524e-4,0.02791322745424783,Control vs Initial
Symbiodinium30341,NA,20.179514414876444,-1.0213321157090685,0.2251848215437216,-4.535528232797732,5.7459490790931755e-6,0.0014259307586744947,Control vs Initial
Symbiodinium32115,2-acylglycerol O-acyltransferase activity,8.790774920971282,-1.373954783278114,0.31501456120407656,-4.361559599106982,1.2913860789702182e-5,0.0027560761697382396,Control vs Initial
Symbiodinium3419,NA,312.2989980951582,1.4024545220432116,0.2105666726616888,6.6603822167836295,2.7311636985562553e-11,3.643030978411725e-8,Control vs Initial
Symbiodinium35510,NA,6.744258178477373,-1.2341531873871767,0.3572663440674967,-3.454434507701665,5.514481337171394e-4,0.038041968442902474,Control vs Initial
Symbiodinium3947,NA,10.455596911805685,1.2762119697803964,0.24064019701756878,5.303403112187538,1.1366354277926834e-7,4.4922357962873056e-5,Control vs Initial
Symbiodinium39736,NA,23.68857815570059,-1.163457331741713,0.210231606434479,-5.5341694404276804,3.1270656962903433e-8,1.588996097386393e-5,Control vs Initial
Symbiodinium44184,NA,7.035572931190161,-1.181806605281326,0.3367858017223543,-3.509074905288334,4.4966824349916524e-4,0.033263007449947694,Control vs Initial
Symbiodinium44896,NA,10.205240162540665,-1.2235529055372598,0.2966729293486393,-4.124248573078889,3.7194703988307716e-5,0.006401688488052124,Control vs Initial
Symbiodinium45086,NA,8.792311933702944,-1.1749658550800186,0.2792151598018772,-4.208101937995557,2.5752469535706065e-5,0.004907225043134275,Control vs Initial
Symbiodinium47913,NA,8.978488608276948,1.032111100823516,0.2444872926851906,4.221532700075722,2.4264674527766216e-5,0.004707788034287151,Control vs Initial
Symbiodinium49806,NA,6.044221935389142,1.0568310602915667,0.29257704963957815,3.6121461392596004,3.036733396313201e-4,0.02700415172671514,Control vs Initial
Symbiodinium5075,cAMP-dependent protein kinase activity,6.068441116360125,1.0065042036277778,0.28982108445754273,3.4728467237352616,5.149693634499858e-4,0.03683031363186785,Control vs Initial
Symbiodinium52798,NA,6.919331479971965,1.3012939073129897,0.23638639791920288,5.504944103246471,3.692854189014956e-8,1.7133237848251562e-5,Control vs Initial
Symbiodinium55214,Responsible for synthesis of pseudouridine from uracil,12.252172371484576,1.2059639947823948,0.20778652741800693,5.803860383865701,6.4805244818172765e-9,3.841870930304009e-6,Control vs Initial
Symbiodinium55392,NA,10.95304405316683,1.07395084364049,0.23223313454168262,4.6244513977730035,3.7559113645937994e-6,9.7754463833123e-4,Control vs Initial
Symbiodinium56090,NA,34.99017079969262,1.419144229955255,0.31403717899643036,4.519032537772817,6.212284812954506e-6,0.0014731398053119452,Control vs Initial
Symbiodinium62953,NA,28.433204483971057,1.0954644770954083,0.3061661970685825,3.5780059574964107,3.4622556192956226e-4,0.028419792087310453,Control vs Initial
Symbiodinium67058,NA,13.85736799751895,-3.5240262784572507,0.6242024812604894,-5.645646059177743,1.6456209125204297e-8,9.242326714476581e-6,Control vs Initial
Symbiodinium70865,NA,950.4944489187257,1.1794140956041006,0.2559208315786026,4.608511500721111,4.055619451744518e-6,0.0010304170278468037,Control vs Initial
Symbiodinium71546,60S ribosomal protein,1933.797532809003,1.116707498360421,0.23758356119974477,4.700272580818696,2.598144547019206e-6,7.493189313849176e-4,Control vs Initial
